Age,Fare,Sex_female,Sex_male,Embarked_C,Embarked_Q,Embarked_S,Survived
-0.5816283106401147,-0.5471161646999124,0.0,1.0,0.0,0.0,1.0,0
0.6586519408900796,0.8395634058940716,1.0,0.0,1.0,0.0,0.0,1
-0.2715582477575661,-0.5324986342875966,1.0,0.0,0.0,0.0,1.0,1
0.4260993937281682,0.4457931233070179,1.0,0.0,0.0,0.0,1.0,1
0.4260993937281682,-0.5297916842112419,0.0,1.0,0.0,0.0,1.0,0
-0.11652321631629182,-0.5209497024818366,0.0,1.0,0.0,1.0,0.0,0
1.898932192420274,0.4189943175511056,0.0,1.0,0.0,0.0,1.0,0
-2.1319786250528576,-0.24772748625507465,0.0,1.0,0.0,0.0,1.0,0
-0.19404073203692898,-0.46302097084784455,1.0,0.0,0.0,0.0,1.0,1
-1.201768436405212,-0.05291803428009662,1.0,0.0,1.0,0.0,0.0,1
-1.9769435936115833,-0.3424707389274917,1.0,0.0,0.0,0.0,1.0,1
2.2090022553028223,-0.12916307291073562,1.0,0.0,0.0,0.0,1.0,1
-0.736663342081389,-0.5297916842112419,0.0,1.0,0.0,0.0,1.0,0
0.7361694566107168,-0.02684036002452529,0.0,1.0,0.0,0.0,1.0,0
-1.201768436405212,-0.534031850810844,1.0,0.0,0.0,0.0,1.0,0
1.9764497081409111,-0.3576296593550784,1.0,0.0,0.0,0.0,1.0,1
-2.1319786250528576,-0.07339990133782734,0.0,1.0,0.0,1.0,0.0,0
-0.11652321631629182,-0.4225964611875929,0.0,1.0,0.0,0.0,1.0,1
0.1160293308456196,-0.31431845813340203,1.0,0.0,0.0,0.0,1.0,0
-0.11652321631629182,-0.5476575547151833,1.0,0.0,1.0,0.0,0.0,1
0.4260993937281682,-0.14107365324669663,0.0,1.0,0.0,0.0,1.0,0
0.34858187800753104,-0.4225964611875929,0.0,1.0,0.0,0.0,1.0,1
-1.1242509206845748,-0.5302421207039473,1.0,0.0,0.0,1.0,0.0,1
-0.11652321631629182,0.06465455255626602,0.0,1.0,0.0,0.0,1.0,1
-1.6668735307290348,-0.24772748625507465,1.0,0.0,0.0,0.0,1.0,0
0.6586519408900796,-0.02440410495580598,1.0,0.0,0.0,0.0,1.0,1
-0.11652321631629182,-0.5476575547151833,0.0,1.0,1.0,0.0,0.0,0
-0.8141808578020261,4.977768941140177,0.0,1.0,0.0,0.0,1.0,0
-0.11652321631629182,-0.533490460795573,1.0,0.0,0.0,1.0,0.0,1
-0.11652321631629182,-0.5331309778254331,0.0,1.0,0.0,0.0,1.0,0
0.8136869723313539,-0.1038086957155663,0.0,1.0,1.0,0.0,0.0,0
-0.11652321631629182,2.468876656852009,1.0,0.0,1.0,0.0,0.0,1
-0.11652321631629182,-0.5362883643944933,1.0,0.0,0.0,1.0,0.0,1
2.8291423810679195,-0.4767354627146883,0.0,1.0,0.0,0.0,1.0,0
-0.11652321631629182,1.0753387575445723,0.0,1.0,1.0,0.0,0.0,0
0.9687220037726282,0.4219719626350959,0.0,1.0,0.0,0.0,1.0,0
-0.11652321631629182,-0.5475666011926179,0.0,1.0,1.0,0.0,0.0,1
-0.6591458263607518,-0.5297916842112419,0.0,1.0,0.0,0.0,1.0,0
-0.8916983735226632,-0.31431845813340203,1.0,0.0,0.0,0.0,1.0,0
-1.201768436405212,-0.46067350374162963,1.0,0.0,1.0,0.0,0.0,1
0.8136869723313539,-0.49893245334079744,1.0,0.0,0.0,0.0,1.0,0
-0.19404073203692898,-0.24935165630088751,1.0,0.0,0.0,0.0,1.0,0
-0.11652321631629182,-0.5331309778254331,0.0,1.0,1.0,0.0,0.0,0
-2.0544611093322205,0.19630327978967346,1.0,0.0,1.0,0.0,0.0,1
-0.8141808578020261,-0.533490460795573,1.0,0.0,0.0,1.0,0.0,1
-0.11652321631629182,-0.5297916842112419,0.0,1.0,0.0,0.0,1.0,0
-0.11652321631629182,-0.3684574596604975,0.0,1.0,0.0,1.0,0.0,0
-0.11652321631629182,-0.5362883643944933,1.0,0.0,0.0,1.0,0.0,1
-0.11652321631629182,-0.23464317236600618,0.0,1.0,1.0,0.0,0.0,0
-0.8916983735226632,-0.31864957825556967,1.0,0.0,0.0,0.0,1.0,0
-1.744391046449672,0.15533738011415088,0.0,1.0,0.0,0.0,1.0,0
-0.6591458263607518,-0.5352055843639514,0.0,1.0,0.0,0.0,1.0,0
1.5113446138170883,0.9574976412606354,1.0,0.0,1.0,0.0,0.0,1
-0.03900570059565468,-0.14107365324669663,1.0,0.0,0.0,0.0,1.0,1
2.7516248653472823,0.6380775322507722,0.0,1.0,1.0,0.0,0.0,0
-0.11652321631629182,0.06465455255626602,0.0,1.0,0.0,0.0,1.0,1
-0.6591458263607518,-0.4767354627146883,1.0,0.0,0.0,0.0,1.0,1
-0.07776445845597325,-0.5475666011926179,0.0,1.0,1.0,0.0,0.0,0
-1.8994260778909462,-0.10317635217772983,1.0,0.0,0.0,0.0,1.0,1
-1.4343209835671233,0.3115283995198212,0.0,1.0,0.0,0.0,1.0,0
-0.5816283106401147,-0.5475666011926179,0.0,1.0,1.0,0.0,0.0,0
0.6586519408900796,1.0283287797385647,1.0,0.0,0.0,0.0,1.0,1
1.2012745509345397,1.1035819918612273,0.0,1.0,0.0,0.0,1.0,0
-1.9769435936115833,-0.09992801208610413,0.0,1.0,0.0,0.0,1.0,0
-0.11652321631629182,-0.1038086957155663,0.0,1.0,1.0,0.0,0.0,0
-0.11652321631629182,-0.37396231333577257,0.0,1.0,1.0,0.0,0.0,1
-0.03900570059565468,-0.4767354627146883,1.0,0.0,0.0,0.0,1.0,1
-0.8141808578020261,-0.527446382665088,0.0,1.0,0.0,0.0,1.0,0
-0.9692158892433004,-0.5324986342875966,1.0,0.0,0.0,0.0,1.0,1
-0.2715582477575661,-0.5165276288371035,0.0,1.0,0.0,0.0,1.0,0
0.19354684656625676,-0.4767354627146883,0.0,1.0,0.0,0.0,1.0,0
-1.0467334049639376,0.3115283995198212,1.0,0.0,0.0,0.0,1.0,0
-0.6591458263607518,0.8875673757681166,0.0,1.0,0.0,0.0,1.0,0
-0.2715582477575661,-0.39110488677931204,0.0,1.0,1.0,0.0,0.0,0
0.19354684656625676,0.5193312118613023,0.0,1.0,0.0,0.0,1.0,1
-0.34907576347820324,-0.5384539244555772,0.0,1.0,0.0,0.0,1.0,0
-0.11652321631629182,-0.5331309778254331,0.0,1.0,0.0,0.0,1.0,0
-0.11652321631629182,-0.5297916842112419,0.0,1.0,0.0,0.0,1.0,0
-2.2226741184460033,-0.07610685141418211,0.0,1.0,0.0,0.0,1.0,1
0.03851181512498246,-0.4339656515082829,1.0,0.0,0.0,0.0,1.0,1
-0.5816283106401147,-0.5092188636309456,0.0,1.0,0.0,0.0,1.0,0
-0.03900570059565468,-0.4983910633255265,0.0,1.0,0.0,0.0,1.0,1
-0.11652321631629182,-0.5354762793715868,1.0,0.0,0.0,1.0,0.0,1
-0.11652321631629182,0.3158595196419889,0.0,1.0,0.0,0.0,1.0,0
-0.9692158892433004,-0.4767354627146883,1.0,0.0,0.0,0.0,1.0,1
0.2710643622868939,-0.36087799944670407,1.0,0.0,0.0,0.0,1.0,1
-1.0467334049639376,0.04029200186907308,0.0,1.0,0.0,0.0,1.0,0
-0.11652321631629182,-0.5297916842112419,0.0,1.0,0.0,0.0,1.0,0
-0.5041107949194775,4.977768941140177,1.0,0.0,0.0,0.0,1.0,1
-0.4265932791988404,-0.5297916842112419,0.0,1.0,0.0,0.0,1.0,0
-0.03900570059565468,-0.5297916842112419,0.0,1.0,0.0,0.0,1.0,0
-0.736663342081389,-0.534031850810844,0.0,1.0,0.0,0.0,1.0,0
1.2787920666551769,0.6206620982395361,0.0,1.0,0.0,0.0,1.0,0
-0.2715582477575661,-0.25855528656049376,0.0,1.0,0.0,0.0,1.0,0
2.2865197710234595,-0.5471161646999124,0.0,1.0,0.0,0.0,1.0,0
-0.11652321631629182,-0.5297916842112419,0.0,1.0,0.0,0.0,1.0,0
3.216729959671105,0.046338245559619164,0.0,1.0,1.0,0.0,0.0,0
-0.5041107949194775,0.6679427710531791,0.0,1.0,1.0,0.0,0.0,1
0.34858187800753104,-0.20604045507921115,1.0,0.0,0.0,0.0,1.0,1
0.34858187800753104,-0.14107365324669663,0.0,1.0,0.0,0.0,1.0,0
-0.11652321631629182,-0.5331309778254331,1.0,0.0,0.0,0.0,1.0,0
-0.11652321631629182,-0.5331309778254331,0.0,1.0,0.0,0.0,1.0,0
-0.6591458263607518,0.9695879630816662,0.0,1.0,0.0,0.0,1.0,0
0.2710643622868939,-0.5167073703221734,0.0,1.0,0.0,0.0,1.0,0
0.5811344251694425,-0.5324986342875966,0.0,1.0,0.0,0.0,1.0,0
-0.11652321631629182,-0.5331309778254331,0.0,1.0,0.0,0.0,1.0,0
-0.6591458263607518,-0.5384539244555772,1.0,0.0,0.0,0.0,1.0,1
-0.11652321631629182,-0.5357469743792224,0.0,1.0,0.0,0.0,1.0,1
0.6586519408900796,-0.5331309778254331,0.0,1.0,0.0,0.0,1.0,0
-0.11652321631629182,-0.18113651437674727,1.0,0.0,0.0,1.0,0.0,1
1.356309582375814,0.4219719626350959,0.0,1.0,0.0,0.0,1.0,0
-1.1630096785448933,-0.39110488677931204,1.0,0.0,1.0,0.0,0.0,0
-0.5816283106401147,-0.5297916842112419,0.0,1.0,0.0,0.0,1.0,0
-0.736663342081389,-0.49135299312700415,1.0,0.0,0.0,0.0,1.0,0
-0.9692158892433004,-0.39101609881680754,1.0,0.0,1.0,0.0,0.0,0
-0.6591458263607518,-0.5324986342875966,0.0,1.0,0.0,0.0,1.0,0
3.1779712018107866,-0.5362883643944933,0.0,1.0,0.0,1.0,0.0,0
-0.03900570059565468,-0.24935165630088751,0.0,1.0,0.0,0.0,1.0,0
-0.4265932791988404,4.656092318546665,0.0,1.0,1.0,0.0,0.0,0
-2.1319786250528576,-0.02684036002452529,1.0,0.0,0.0,0.0,1.0,0
-0.6591458263607518,0.8875673757681166,0.0,1.0,0.0,0.0,1.0,0
-0.11652321631629182,-0.5297916842112419,0.0,1.0,0.0,0.0,1.0,0
0.23230560442657533,-0.05291803428009662,0.0,1.0,1.0,0.0,0.0,0
0.23230560442657533,-0.4225964611875929,1.0,0.0,0.0,0.0,1.0,1
1.898932192420274,0.9695879630816662,0.0,1.0,0.0,0.0,1.0,0
-1.3568034678464862,-0.46067350374162963,0.0,1.0,1.0,0.0,0.0,1
-0.11652321631629182,-0.5362883643944933,0.0,1.0,0.0,1.0,0.0,0
-0.4265932791988404,-0.5494614662460662,0.0,1.0,0.0,0.0,1.0,1
-0.11652321631629182,-0.219936853991186,1.0,0.0,1.0,0.0,0.0,1
1.2012745509345397,-0.5530714548678929,0.0,1.0,0.0,0.0,1.0,0
0.2710643622868939,-0.5331309778254331,0.0,1.0,1.0,0.0,0.0,0
-0.736663342081389,-0.55144728482208,0.0,1.0,0.0,0.0,1.0,0
1.356309582375814,-0.39011306027133563,1.0,0.0,0.0,0.0,1.0,0
-0.03900570059565468,-0.14107365324669663,1.0,0.0,0.0,0.0,1.0,1
-0.34907576347820324,-0.4225964611875929,0.0,1.0,0.0,0.0,1.0,0
-0.5041107949194775,-0.37829343345794014,0.0,1.0,1.0,0.0,0.0,0
-0.8141808578020261,-0.13493862159364617,1.0,0.0,0.0,0.0,1.0,1
0.5811344251694425,0.4457931233070179,0.0,1.0,0.0,0.0,1.0,0
-1.0467334049639376,-0.5045260949785769,0.0,1.0,0.0,0.0,1.0,0
-0.4265932791988404,1.0110042992498942,0.0,1.0,1.0,0.0,0.0,0
-0.11652321631629182,-0.37396231333577257,1.0,0.0,1.0,0.0,0.0,0
-0.5816283106401147,-0.5362883643944933,1.0,0.0,0.0,0.0,1.0,1
-0.4265932791988404,-0.36087799944670407,1.0,0.0,0.0,0.0,1.0,1
-0.8141808578020261,-0.5579439650053315,0.0,1.0,0.0,1.0,0.0,0
-0.8916983735226632,-0.45507986210385015,0.0,1.0,0.0,0.0,1.0,0
-0.8141808578020261,0.09172405331981374,0.0,1.0,0.0,0.0,1.0,0
-0.19404073203692898,-0.5352965378865169,0.0,1.0,0.0,0.0,1.0,1
-1.5893560150083976,0.04029200186907308,1.0,0.0,0.0,0.0,1.0,0
0.5423756673091239,-0.14107365324669663,0.0,1.0,0.0,0.0,1.0,0
0.9687220037726282,-0.4225964611875929,0.0,1.0,0.0,0.0,1.0,0
1.6663796452583626,-0.43288287147774107,0.0,1.0,0.0,0.0,1.0,0
-0.5816283106401147,0.7381437315533331,1.0,0.0,0.0,0.0,1.0,1
2.0152084660012295,-0.5297916842112419,0.0,1.0,0.0,0.0,1.0,0
0.8524457301916725,-0.39011306027133563,0.0,1.0,0.0,0.0,1.0,0
-0.11652321631629182,-0.545762689661735,0.0,1.0,0.0,0.0,1.0,0
1.6663796452583626,0.6250841718842692,0.0,1.0,1.0,0.0,0.0,0
-1.0467334049639376,-0.5366500129246943,1.0,0.0,0.0,1.0,0.0,1
0.03851181512498246,-0.5297916842112419,0.0,1.0,0.0,0.0,1.0,0
-0.11652321631629182,-0.5165276288371035,0.0,1.0,0.0,0.0,1.0,0
-0.11652321631629182,0.8020277533553059,0.0,1.0,0.0,0.0,1.0,0
1.1237570352139026,-0.35546409929399453,0.0,1.0,0.0,0.0,1.0,0
0.8136869723313539,-0.36304355950778794,1.0,0.0,0.0,0.0,1.0,1
-0.2715582477575661,-0.5357469743792224,0.0,1.0,0.0,0.0,1.0,0
-0.9692158892433004,-0.5165276288371035,0.0,1.0,0.0,0.0,1.0,0
-2.2094961407734948,0.15533738011415088,0.0,1.0,0.0,0.0,1.0,0
-1.5893560150083976,-0.25963806659103567,0.0,1.0,0.0,0.0,1.0,1
-0.11652321631629182,0.4869387644676104,1.0,0.0,0.0,0.0,1.0,1
1.2012745509345397,-0.09992801208610413,1.0,0.0,0.0,0.0,1.0,0
-0.11652321631629182,-0.1426978232925095,0.0,1.0,0.0,0.0,1.0,0
-0.11652321631629182,0.5193312118613023,0.0,1.0,0.0,0.0,1.0,0
2.4415548024647338,0.02134335133458968,0.0,1.0,0.0,0.0,1.0,0
-1.9769435936115833,-0.07339990133782734,0.0,1.0,0.0,1.0,0.0,0
-2.2094961407734948,-0.46302097084784455,1.0,0.0,0.0,0.0,1.0,1
-0.6591458263607518,-0.5324986342875966,0.0,1.0,0.0,0.0,1.0,0
2.053967223861548,-0.03938328389832276,0.0,1.0,1.0,0.0,0.0,0
-0.8916983735226632,-0.534031850810844,0.0,1.0,0.0,0.0,1.0,0
-0.11652321631629182,-0.15262258505245663,0.0,1.0,0.0,0.0,1.0,0
1.5888621295377254,-0.0823328365897981,1.0,0.0,1.0,0.0,0.0,0
0.03851181512498246,-0.4225964611875929,0.0,1.0,0.0,0.0,1.0,0
0.5036169094488053,-0.7041192691284892,0.0,1.0,0.0,0.0,1.0,0
-0.11652321631629182,0.8020277533553059,1.0,0.0,0.0,0.0,1.0,0
-0.11652321631629182,-0.37820247993537465,0.0,1.0,1.0,0.0,0.0,0
-1.5893560150083976,-0.02440410495580598,0.0,1.0,0.0,0.0,1.0,0
-2.2094961407734948,0.14044915469419963,0.0,1.0,0.0,0.0,1.0,1
-1.9769435936115833,-0.2271546656747784,1.0,0.0,0.0,0.0,1.0,1
-0.11652321631629182,0.37866076141341953,0.0,1.0,0.0,0.0,1.0,0
-0.11652321631629182,-0.3684574596604975,1.0,0.0,0.0,1.0,0.0,1
1.2012745509345397,-0.12916307291073562,0.0,1.0,0.0,0.0,1.0,1
0.8136869723313539,-0.3684574596604975,0.0,1.0,0.0,1.0,0.0,0
0.5036169094488053,-0.5331309778254331,0.0,1.0,0.0,0.0,1.0,0
0.19354684656625676,-0.4225964611875929,1.0,0.0,0.0,0.0,1.0,1
-0.8141808578020261,-0.4225964611875929,0.0,1.0,0.0,0.0,1.0,0
-0.8141808578020261,-0.534031850810844,1.0,0.0,0.0,0.0,1.0,1
-2.0544611093322205,-0.14107365324669663,0.0,1.0,0.0,0.0,1.0,1
1.1237570352139026,-0.1038086957155663,1.0,0.0,1.0,0.0,0.0,1
2.2090022553028223,2.468876656852009,1.0,0.0,1.0,0.0,0.0,1
-0.11652321631629182,-0.5362883643944933,0.0,1.0,0.0,1.0,0.0,0
0.9687220037726282,-0.522121270474883,0.0,1.0,0.0,0.0,1.0,0
-0.11652321631629182,-0.5362883643944933,1.0,0.0,0.0,1.0,0.0,1
-0.4265932791988404,-0.4225964611875929,1.0,0.0,0.0,0.0,1.0,0
-0.11652321631629182,-0.4983910633255265,0.0,1.0,0.0,0.0,1.0,0
-0.11652321631629182,0.8020277533553059,0.0,1.0,0.0,0.0,1.0,0
0.34858187800753104,-0.5634488186806066,0.0,1.0,0.0,0.0,1.0,0
1.2400333087948583,-0.5476575547151833,0.0,1.0,1.0,0.0,0.0,0
-0.8916983735226632,-0.5297916842112419,0.0,1.0,0.0,0.0,1.0,1
-2.1319786250528576,-0.4775475477375948,1.0,0.0,0.0,0.0,1.0,0
0.19354684656625676,-0.36087799944670407,0.0,1.0,0.0,0.0,1.0,0
-0.2715582477575661,-0.29726467265236695,0.0,1.0,1.0,0.0,0.0,1
-1.0467334049639376,-0.5362883643944933,1.0,0.0,0.0,1.0,0.0,1
0.8136869723313539,-0.03279565019250576,0.0,1.0,1.0,0.0,0.0,1
-0.4265932791988404,-0.55144728482208,0.0,1.0,0.0,0.0,1.0,0
0.4260993937281682,-0.24935165630088751,1.0,0.0,0.0,0.0,1.0,1
-0.5816283106401147,-0.5471161646999124,0.0,1.0,0.0,0.0,1.0,0
0.03851181512498246,-0.4225964611875929,0.0,1.0,0.0,0.0,1.0,0
-0.11652321631629182,-0.5362883643944933,0.0,1.0,0.0,1.0,0.0,0
0.1160293308456196,1.7489188900642054,1.0,0.0,1.0,0.0,0.0,1
-0.19404073203692898,-0.5324986342875966,1.0,0.0,0.0,0.0,1.0,1
0.9687220037726282,-0.11941805263585846,0.0,1.0,0.0,0.0,1.0,0
0.19354684656625676,0.9480233159933937,1.0,0.0,1.0,0.0,0.0,1
0.03851181512498246,-0.4767354627146883,0.0,1.0,0.0,0.0,1.0,0
-1.0467334049639376,-0.5297916842112419,0.0,1.0,0.0,0.0,1.0,1
-0.19404073203692898,-0.4225964611875929,0.0,1.0,0.0,0.0,1.0,0
1.6663796452583626,-0.5297916842112419,0.0,1.0,0.0,0.0,1.0,0
-0.11652321631629182,-0.5331309778254331,0.0,1.0,0.0,0.0,1.0,0
0.6586519408900796,1.2448847858469465,0.0,1.0,0.0,0.0,1.0,1
-0.5816283106401147,-0.5016394034171522,0.0,1.0,0.0,0.0,1.0,0
-0.8141808578020261,-0.4767354627146883,0.0,1.0,0.0,0.0,1.0,1
-0.6979045842210704,-0.5471161646999124,0.0,1.0,0.0,0.0,1.0,0
-0.8916983735226632,-0.4225964611875929,0.0,1.0,0.0,0.0,1.0,0
-0.11652321631629182,-0.15262258505245663,1.0,0.0,0.0,0.0,1.0,0
0.4260993937281682,1.1035819918612273,1.0,0.0,0.0,0.0,1.0,1
-0.03900570059565468,-0.5357469743792224,0.0,1.0,0.0,0.0,1.0,0
2.2865197710234595,-0.4117686608821738,0.0,1.0,0.0,0.0,1.0,0
-1.8994260778909462,-0.02440410495580598,1.0,0.0,0.0,0.0,1.0,1
-0.4265932791988404,-0.4767354627146883,0.0,1.0,0.0,0.0,1.0,0
-0.11652321631629182,-0.540619484516661,1.0,0.0,0.0,0.0,1.0,0
1.1237570352139026,-0.14107365324669663,0.0,1.0,0.0,0.0,1.0,0
-1.6668735307290348,-0.1356597530939871,1.0,0.0,0.0,0.0,1.0,1
-0.8141808578020261,-0.4767354627146883,0.0,1.0,0.0,0.0,1.0,0
0.2710643622868939,-0.4382967716304506,0.0,1.0,0.0,0.0,1.0,0
-0.11652321631629182,-0.39110488677931204,1.0,0.0,1.0,0.0,0.0,0
-0.11652321631629182,-0.3684574596604975,1.0,0.0,0.0,1.0,0.0,1
-0.03900570059565468,-0.4767354627146883,0.0,1.0,0.0,0.0,1.0,0
-0.5816283106401147,-0.5498231147762672,0.0,1.0,0.0,0.0,1.0,0
0.03851181512498246,-0.5476575547151833,0.0,1.0,1.0,0.0,0.0,0
1.1237570352139026,1.2448847858469465,0.0,1.0,0.0,1.0,0.0,0
-0.34907576347820324,-0.5357469743792224,1.0,0.0,0.0,0.0,1.0,0
-0.4265932791988404,-0.39011306027133563,1.0,0.0,0.0,0.0,1.0,1
0.5811344251694425,0.43397349649362243,0.0,1.0,0.0,0.0,1.0,1
1.898932192420274,-0.14107365324669663,0.0,1.0,0.0,0.0,1.0,0
-0.11652321631629182,-0.5471161646999124,0.0,1.0,0.0,0.0,1.0,0
-0.03900570059565468,-0.4775475477375948,1.0,0.0,0.0,0.0,1.0,0
2.519072318185371,-0.12916307291073562,0.0,1.0,0.0,0.0,1.0,0
0.03851181512498246,-0.35546409929399453,0.0,1.0,0.0,0.0,1.0,0
0.891204488051991,-0.2664054417819226,1.0,0.0,0.0,0.0,1.0,0
-0.03900570059565468,-0.37396231333577257,1.0,0.0,1.0,0.0,0.0,1
-0.11652321631629182,1.0110042992498942,1.0,0.0,1.0,0.0,0.0,1
0.03851181512498246,1.1690901837090129,1.0,0.0,0.0,0.0,1.0,1
0.4260993937281682,4.977768941140177,1.0,0.0,1.0,0.0,0.0,1
1.5888621295377254,-0.14107365324669663,1.0,0.0,0.0,0.0,1.0,1
-0.11652321631629182,-0.5362883643944933,0.0,1.0,0.0,1.0,0.0,0
-2.0544611093322205,-0.02440410495580598,0.0,1.0,0.0,0.0,1.0,1
1.7438971609789997,1.0207493195247717,0.0,1.0,0.0,0.0,1.0,0
0.8136869723313539,-0.7041192691284892,0.0,1.0,0.0,0.0,1.0,0
-0.11652321631629182,-0.5362883643944933,1.0,0.0,0.0,1.0,0.0,0
0.5036169094488053,-0.4767354627146883,0.0,1.0,0.0,0.0,1.0,0
-1.0467334049639376,0.15533738011415088,0.0,1.0,0.0,0.0,1.0,0
-0.34907576347820324,-0.5357469743792224,0.0,1.0,0.0,0.0,1.0,1
2.2090022553028223,2.6192033396122643,1.0,0.0,0.0,0.0,1.0,1
0.4260993937281682,2.233101305201508,1.0,0.0,0.0,0.0,1.0,1
-0.11652321631629182,-0.03279565019250576,0.0,1.0,0.0,0.0,1.0,0
-0.34907576347820324,-0.7041192691284892,0.0,1.0,0.0,0.0,1.0,1
0.891204488051991,-0.28183505721714475,1.0,0.0,0.0,0.0,1.0,1
0.5811344251694425,-0.0609479309865954,0.0,1.0,1.0,0.0,0.0,0
-0.11652321631629182,-0.5362883643944933,1.0,0.0,0.0,1.0,0.0,1
2.596589833906008,0.9841145399714164,1.0,0.0,0.0,0.0,1.0,1
1.2012745509345397,-0.5362883643944933,1.0,0.0,0.0,0.0,1.0,0
-0.11652321631629182,-0.7041192691284892,0.0,1.0,0.0,0.0,1.0,0
-1.744391046449672,-0.07339990133782734,0.0,1.0,0.0,1.0,0.0,0
0.4260993937281682,-0.26559335675901613,1.0,0.0,0.0,0.0,1.0,1
2.7516248653472823,-0.5362883643944933,0.0,1.0,0.0,1.0,0.0,0
-0.11652321631629182,-0.534031850810844,0.0,1.0,0.0,0.0,1.0,0
-1.0467334049639376,-0.4983910633255265,0.0,1.0,0.0,0.0,1.0,0
-0.8141808578020261,-0.5297916842112419,0.0,1.0,0.0,0.0,1.0,1
-0.11652321631629182,-0.14107365324669663,0.0,1.0,0.0,0.0,1.0,0
0.2710643622868939,-0.5165276288371035,0.0,1.0,1.0,0.0,0.0,0
0.03851181512498246,-0.4983910633255265,0.0,1.0,0.0,0.0,1.0,1
-0.5816283106401147,-0.5331309778254331,0.0,1.0,0.0,0.0,1.0,0
0.9687220037726282,-0.4225964611875929,0.0,1.0,0.0,0.0,1.0,1
-0.5816283106401147,-0.5362883643944933,1.0,0.0,0.0,1.0,0.0,1
-0.2715582477575661,1.0034248390361007,1.0,0.0,0.0,0.0,1.0,1
-0.8141808578020261,1.268255510026163,1.0,0.0,1.0,0.0,0.0,1
0.5036169094488053,-0.42530341126394766,0.0,1.0,1.0,0.0,0.0,0
-0.4265932791988404,-0.5124672037225713,1.0,0.0,0.0,0.0,1.0,0
-0.4265932791988404,-0.5331309778254331,0.0,1.0,0.0,0.0,1.0,0
-0.11652321631629182,-0.1038086957155663,0.0,1.0,1.0,0.0,0.0,0
-0.465352037059159,-0.5475666011926179,0.0,1.0,1.0,0.0,0.0,0
-2.1319786250528576,2.5777870034440364,1.0,0.0,0.0,0.0,1.0,0
-0.11652321631629182,-0.04362345049792484,0.0,1.0,0.0,0.0,1.0,1
1.5888621295377254,4.656092318546665,1.0,0.0,1.0,0.0,0.0,1
-0.11652321631629182,-0.5362883643944933,1.0,0.0,0.0,1.0,0.0,1
-0.11652321631629182,-0.2006265549265016,0.0,1.0,0.0,1.0,0.0,1
-0.8141808578020261,-0.7041192691284892,0.0,1.0,0.0,0.0,1.0,0
-0.11652321631629182,-0.43667260158463767,1.0,0.0,0.0,1.0,0.0,1
-0.11652321631629182,-0.5297916842112419,0.0,1.0,0.0,0.0,1.0,0
-2.2156975420311458,2.5777870034440364,0.0,1.0,0.0,0.0,1.0,1
-0.11652321631629182,1.6971251900832633,1.0,0.0,1.0,0.0,0.0,1
-0.9692158892433004,1.6541756373917884,1.0,0.0,1.0,0.0,0.0,1
0.03851181512498246,-0.18438485446837297,0.0,1.0,1.0,0.0,0.0,0
0.03851181512498246,0.5287167491660395,1.0,0.0,1.0,0.0,0.0,1
-0.4265932791988404,1.096723663147775,1.0,0.0,1.0,0.0,0.0,1
-0.8916983735226632,4.977768941140177,1.0,0.0,1.0,0.0,0.0,1
-0.2715582477575661,-0.14107365324669663,1.0,0.0,0.0,0.0,1.0,0
-0.11652321631629182,-0.5331309778254331,0.0,1.0,0.0,0.0,1.0,0
1.0462395194932654,-0.1356597530939871,0.0,1.0,0.0,0.0,1.0,0
-0.2715582477575661,-0.534031850810844,1.0,0.0,0.0,0.0,1.0,1
-0.4265932791988404,-0.14107365324669663,1.0,0.0,0.0,0.0,1.0,1
1.898932192420274,-0.4009408605767547,0.0,1.0,0.0,0.0,1.0,0
0.1160293308456196,2.8661681400983854,1.0,0.0,0.0,0.0,1.0,1
0.8136869723313539,2.2085590130292454,1.0,0.0,1.0,0.0,0.0,1
-0.5816283106401147,-0.5471161646999124,0.0,1.0,0.0,0.0,1.0,0
-0.19404073203692898,-0.5331309778254331,0.0,1.0,0.0,0.0,1.0,0
0.03851181512498246,-0.43667260158463767,1.0,0.0,0.0,1.0,0.0,1
-0.5816283106401147,-0.07610685141418211,1.0,0.0,0.0,0.0,1.0,1
-0.11652321631629182,0.8020277533553059,0.0,1.0,0.0,0.0,1.0,0
0.5036169094488053,2.233101305201508,1.0,0.0,1.0,0.0,0.0,1
2.4415548024647338,-0.569042460318386,0.0,1.0,0.0,0.0,1.0,0
0.5036169094488053,-0.4225964611875929,1.0,0.0,0.0,0.0,1.0,1
0.1160293308456196,-0.25963806659103567,1.0,0.0,0.0,0.0,1.0,1
-1.0467334049639376,0.5514551298074195,1.0,0.0,1.0,0.0,0.0,1
-0.11652321631629182,-0.2006265549265016,1.0,0.0,0.0,1.0,0.0,1
1.2400333087948583,-0.0869346517196012,0.0,1.0,0.0,0.0,1.0,0
0.6586519408900796,2.6192033396122643,0.0,1.0,0.0,0.0,1.0,0
-1.0467334049639376,-0.31431845813340203,0.0,1.0,0.0,0.0,1.0,0
-0.11652321631629182,2.190151752510033,1.0,0.0,0.0,0.0,1.0,1
-0.11652321631629182,-0.5331309778254331,0.0,1.0,0.0,0.0,1.0,0
-0.03900570059565468,0.7381437315533331,0.0,1.0,0.0,0.0,1.0,0
0.891204488051991,2.2085590130292454,1.0,0.0,1.0,0.0,0.0,1
1.2012745509345397,-0.5297916842112419,0.0,1.0,0.0,0.0,1.0,1
1.2012745509345397,0.06465455255626602,0.0,1.0,0.0,0.0,1.0,0
-2.1319786250528576,-0.14107365324669663,0.0,1.0,0.0,0.0,1.0,1
-0.4265932791988404,4.977768941140177,1.0,0.0,0.0,0.0,1.0,1
-0.11652321631629182,-0.4225964611875929,0.0,1.0,0.0,0.0,1.0,0
-0.34907576347820324,-0.4225964611875929,0.0,1.0,0.0,0.0,1.0,0
0.5036169094488053,-0.4225964611875929,0.0,1.0,0.0,0.0,1.0,0
-0.4265932791988404,-0.4225964611875929,1.0,0.0,0.0,0.0,1.0,1
0.8136869723313539,-0.4225964611875929,1.0,0.0,0.0,0.0,1.0,1
-0.11652321631629182,-0.35546409929399453,1.0,0.0,0.0,0.0,1.0,1
-2.0544611093322205,-0.3597952194161622,0.0,1.0,0.0,0.0,1.0,1
0.9687220037726282,-0.5165276288371035,0.0,1.0,0.0,0.0,1.0,0
-0.5041107949194775,-0.504346353493507,0.0,1.0,0.0,0.0,1.0,0
-0.11652321631629182,0.05382675225084694,0.0,1.0,0.0,0.0,1.0,0
-1.1242509206845748,-0.5475666011926179,0.0,1.0,1.0,0.0,0.0,0
-0.34907576347820324,-0.31864957825556967,0.0,1.0,0.0,0.0,1.0,0
-0.11652321631629182,-0.5476575547151833,0.0,1.0,1.0,0.0,0.0,0
-0.11652321631629182,-0.4983910633255265,0.0,1.0,0.0,0.0,1.0,0
-0.5816283106401147,0.4869387644676104,1.0,0.0,0.0,0.0,1.0,1
0.6586519408900796,-0.4225964611875929,1.0,0.0,0.0,0.0,1.0,0
-0.11652321631629182,-0.533490460795573,1.0,0.0,0.0,1.0,0.0,1
-0.11652321631629182,-0.533490460795573,1.0,0.0,0.0,1.0,0.0,1
0.8136869723313539,-0.09992801208610413,0.0,1.0,0.0,0.0,1.0,0
-0.03900570059565468,-0.1038086957155663,0.0,1.0,1.0,0.0,0.0,0
1.2012745509345397,-0.39110488677931204,1.0,0.0,1.0,0.0,0.0,0
0.4260993937281682,-0.55144728482208,0.0,1.0,0.0,0.0,1.0,0
-0.11652321631629182,-0.3684574596604975,0.0,1.0,0.0,1.0,0.0,0
0.03851181512498246,-0.5471161646999124,0.0,1.0,0.0,0.0,1.0,0
2.3640372867440966,0.9254646768370834,1.0,0.0,1.0,0.0,0.0,1
-0.11652321631629182,-0.5475666011926179,1.0,0.0,1.0,0.0,0.0,1
-0.11652321631629182,-0.5362883643944933,1.0,0.0,0.0,1.0,0.0,1
-0.4265932791988404,0.7966138532025963,1.0,0.0,1.0,0.0,0.0,1
-0.34907576347820324,0.4965040432574176,0.0,1.0,1.0,0.0,0.0,1
-0.8916983735226632,-0.5634488186806066,0.0,1.0,0.0,0.0,1.0,0
-0.8141808578020261,-0.5297916842112419,0.0,1.0,0.0,0.0,1.0,0
-0.5816283106401147,2.233101305201508,0.0,1.0,1.0,0.0,0.0,0
-2.0544611093322205,-0.24772748625507465,1.0,0.0,0.0,0.0,1.0,0
-0.11652321631629182,1.0753387575445723,1.0,0.0,1.0,0.0,0.0,1
-0.5816283106401147,-0.5471161646999124,1.0,0.0,0.0,0.0,1.0,1
-0.19404073203692898,3.876040260063785,0.0,1.0,1.0,0.0,0.0,0
-0.736663342081389,-0.617226171677501,0.0,1.0,1.0,0.0,0.0,0
-0.8141808578020261,-0.5357469743792224,0.0,1.0,0.0,0.0,1.0,0
0.9687220037726282,4.223071259852467,1.0,0.0,1.0,0.0,0.0,1
-2.2094961407734948,-0.3632233009928578,1.0,0.0,1.0,0.0,0.0,1
0.19354684656625676,-0.5324986342875966,0.0,1.0,0.0,0.0,1.0,0
0.4260993937281682,0.4219719626350959,1.0,0.0,0.0,0.0,1.0,1
-0.11652321631629182,-0.5331309778254331,0.0,1.0,0.0,0.0,1.0,0
-0.8916983735226632,0.8875673757681166,0.0,1.0,0.0,0.0,1.0,0
-2.2094961407734948,0.3115283995198212,0.0,1.0,0.0,0.0,1.0,0
0.5036169094488053,-0.4225964611875929,1.0,0.0,0.0,0.0,1.0,1
-0.11652321631629182,-0.5367388008871988,0.0,1.0,0.0,1.0,0.0,0
-0.9692158892433004,-0.4442520617984311,1.0,0.0,1.0,0.0,0.0,1
0.5036169094488053,1.8945528041720918,0.0,1.0,0.0,0.0,1.0,1
-0.6591458263607518,-0.5352965378865169,0.0,1.0,0.0,0.0,1.0,1
-0.11652321631629182,-0.5324986342875966,0.0,1.0,0.0,0.0,1.0,0
-0.5041107949194775,1.7489188900642054,1.0,0.0,1.0,0.0,0.0,1
-0.4265932791988404,-0.3424707389274917,1.0,0.0,0.0,0.0,1.0,1
-0.5816283106401147,-0.5352965378865169,0.0,1.0,0.0,0.0,1.0,0
0.1160293308456196,-0.534031850810844,1.0,0.0,0.0,0.0,1.0,0
1.2787920666551769,-0.14107365324669663,0.0,1.0,0.0,0.0,1.0,0
-0.5041107949194775,-0.4767354627146883,0.0,1.0,0.0,0.0,1.0,0
-0.11652321631629182,-0.4301759214013863,1.0,0.0,0.0,0.0,1.0,1
0.7361694566107168,-0.5324986342875966,0.0,1.0,0.0,0.0,1.0,1
-0.2715582477575661,-0.5297916842112419,0.0,1.0,0.0,0.0,1.0,0
-0.6591458263607518,-0.49135299312700415,1.0,0.0,0.0,0.0,1.0,0
-0.11652321631629182,-0.36087799944670407,0.0,1.0,0.0,0.0,1.0,0
-0.736663342081389,-0.5165276288371035,1.0,0.0,0.0,0.0,1.0,0
0.34858187800753104,-0.24935165630088751,0.0,1.0,0.0,0.0,1.0,0
1.6663796452583626,-0.5362883643944933,0.0,1.0,0.0,0.0,1.0,0
-2.0544611093322205,-0.2980767576752734,0.0,1.0,0.0,0.0,1.0,1
-0.6591458263607518,-0.5357469743792224,0.0,1.0,0.0,0.0,1.0,0
-0.11652321631629182,-0.15262258505245663,1.0,0.0,0.0,0.0,1.0,0
-0.11652321631629182,-0.5331309778254331,0.0,1.0,0.0,0.0,1.0,0
-0.11652321631629182,-0.5555986634591777,0.0,1.0,0.0,1.0,0.0,0
0.2710643622868939,1.2448847858469465,1.0,0.0,0.0,1.0,0.0,1
-0.11652321631629182,-0.7041192691284892,0.0,1.0,0.0,0.0,1.0,0
1.1237570352139026,-0.5324986342875966,0.0,1.0,0.0,0.0,1.0,1
-0.11652321631629182,-0.5297916842112419,1.0,0.0,0.0,0.0,1.0,0
0.34858187800753104,-0.0003122492762484959,1.0,0.0,0.0,0.0,1.0,1
-0.8916983735226632,-0.4225964611875929,1.0,0.0,0.0,0.0,1.0,1
0.03851181512498246,-0.4225964611875929,0.0,1.0,0.0,0.0,1.0,0
-1.5118384992877605,-0.18113651437674727,1.0,0.0,0.0,0.0,1.0,0
-0.11652321631629182,-0.5331309778254331,0.0,1.0,1.0,0.0,0.0,0
-0.6591458263607518,-0.5366500129246943,0.0,1.0,0.0,1.0,0.0,0
-0.03900570059565468,-0.5335814143181385,0.0,1.0,0.0,0.0,1.0,0
-0.11652321631629182,-0.3922786203324195,1.0,0.0,0.0,0.0,1.0,0
-0.8916983735226632,-0.2664054417819226,0.0,1.0,0.0,0.0,1.0,0
-0.11652321631629182,-0.5471161646999124,0.0,1.0,0.0,0.0,1.0,0
-0.11652321631629182,-0.14107365324669663,1.0,0.0,0.0,0.0,1.0,1
-0.8141808578020261,-0.14107365324669663,1.0,0.0,0.0,0.0,1.0,1
-0.11652321631629182,-0.5362883643944933,0.0,1.0,0.0,1.0,0.0,0
0.19354684656625676,-0.5297916842112419,0.0,1.0,0.0,0.0,1.0,1
-0.11652321631629182,-0.12916307291073562,0.0,1.0,0.0,0.0,1.0,1
-0.11652321631629182,-0.35546409929399453,1.0,0.0,0.0,0.0,1.0,1
0.9687220037726282,-0.14107365324669663,1.0,0.0,0.0,0.0,1.0,1
-0.9692158892433004,-0.5498231147762672,0.0,1.0,0.0,0.0,1.0,0
1.5888621295377254,0.5064288050173648,0.0,1.0,0.0,0.0,1.0,0
-1.201768436405212,1.8945528041720918,1.0,0.0,0.0,0.0,1.0,1
-0.6591458263607518,0.04029200186907308,1.0,0.0,0.0,0.0,1.0,0
-0.4265932791988404,-0.2980767576752734,1.0,0.0,0.0,0.0,1.0,1
2.674107349626645,4.977768941140177,0.0,1.0,0.0,0.0,1.0,0
0.1160293308456196,-0.4767354627146883,0.0,1.0,0.0,0.0,1.0,0
1.2012745509345397,-0.1356597530939871,1.0,0.0,0.0,0.0,1.0,1
-0.736663342081389,-0.4983910633255265,0.0,1.0,0.0,0.0,1.0,0
-0.34907576347820324,-0.5357469743792224,0.0,1.0,0.0,0.0,1.0,0
-0.11652321631629182,-0.4225964611875929,1.0,0.0,0.0,0.0,1.0,1
-0.11652321631629182,-0.5284382091730645,0.0,1.0,0.0,0.0,1.0,1
-1.9769435936115833,1.0685713823536853,0.0,1.0,0.0,0.0,1.0,1
-1.279285952125849,-0.28183505721714475,1.0,0.0,0.0,0.0,1.0,1
0.34858187800753104,-0.12916307291073562,0.0,1.0,0.0,0.0,1.0,1
-1.8994260778909462,-0.2870692158847844,1.0,0.0,1.0,0.0,0.0,1
1.7438971609789997,-0.04362345049792484,0.0,1.0,0.0,0.0,1.0,1
0.5036169094488053,-0.10317635217772983,0.0,1.0,0.0,0.0,1.0,0
-0.11652321631629182,-0.2717283884120666,0.0,1.0,0.0,0.0,1.0,0
0.03851181512498246,-0.10317635217772983,0.0,1.0,1.0,0.0,0.0,0
1.5113446138170883,1.2254856988197578,0.0,1.0,1.0,0.0,0.0,1
-0.11652321631629182,-0.5297916842112419,0.0,1.0,0.0,0.0,1.0,0
-0.03900570059565468,-0.5331309778254331,0.0,1.0,1.0,0.0,0.0,1
2.7516248653472823,-0.12916307291073562,0.0,1.0,0.0,0.0,1.0,0
-0.11652321631629182,0.4189943175511056,1.0,0.0,0.0,0.0,1.0,1
1.5888621295377254,-0.4767354627146883,1.0,0.0,0.0,0.0,1.0,1
-0.11652321631629182,-0.5362883643944933,0.0,1.0,0.0,1.0,0.0,0
1.4338270980964511,-0.12916307291073562,0.0,1.0,0.0,0.0,1.0,1
0.34858187800753104,-0.5297916842112419,0.0,1.0,0.0,0.0,1.0,0
1.356309582375814,0.12962135438878056,0.0,1.0,0.0,0.0,1.0,0
1.4338270980964511,-0.4225964611875929,0.0,1.0,0.0,0.0,1.0,0
-0.11652321631629182,-0.5297916842112419,0.0,1.0,0.0,0.0,1.0,0
0.6586519408900796,-0.55144728482208,0.0,1.0,0.0,0.0,1.0,0
-0.11652321631629182,-0.7041192691284892,0.0,1.0,0.0,0.0,1.0,0
2.053967223861548,-0.12916307291073562,0.0,1.0,0.0,0.0,1.0,0
-0.11652321631629182,-0.5368297544097642,0.0,1.0,0.0,1.0,0.0,0
-2.228875519703654,-0.2870692158847844,1.0,0.0,1.0,0.0,0.0,1
-0.11652321631629182,-0.5471161646999124,0.0,1.0,0.0,0.0,1.0,0
0.6586519408900796,-0.5165276288371035,0.0,1.0,0.0,0.0,1.0,0
0.2710643622868939,-0.10317635217772983,1.0,0.0,0.0,0.0,1.0,1
-0.5041107949194775,-0.40545172218399234,1.0,0.0,1.0,0.0,0.0,1
-0.5816283106401147,-0.49108229811936865,1.0,0.0,0.0,0.0,1.0,0
-0.11652321631629182,0.4219719626350959,0.0,1.0,0.0,0.0,1.0,0
0.34858187800753104,-0.24935165630088751,0.0,1.0,0.0,0.0,1.0,0
-0.03900570059565468,-0.5515382383446455,0.0,1.0,0.0,0.0,1.0,0
-0.5816283106401147,-0.5412518280544973,0.0,1.0,0.0,0.0,1.0,0
-2.1319786250528576,-0.43802607662281506,1.0,0.0,0.0,0.0,1.0,1
-1.5893560150083976,0.3115283995198212,0.0,1.0,0.0,0.0,1.0,0
-0.11652321631629182,-0.7041192691284892,0.0,1.0,0.0,0.0,1.0,0
1.5888621295377254,-0.5297916842112419,0.0,1.0,0.0,0.0,1.0,0
2.596589833906008,-0.4964961982720782,1.0,0.0,0.0,0.0,1.0,1
-0.34907576347820324,1.268255510026163,0.0,1.0,1.0,0.0,0.0,1
-0.11652321631629182,-0.15262258505245663,1.0,0.0,0.0,0.0,1.0,0
0.4260993937281682,1.2448847858469465,1.0,0.0,0.0,0.0,1.0,1
2.2090022553028223,-0.0609479309865954,0.0,1.0,1.0,0.0,0.0,0
0.03851181512498246,-0.5297916842112419,0.0,1.0,0.0,0.0,1.0,0
-1.5893560150083976,-0.3597952194161622,0.0,1.0,0.0,0.0,1.0,1
-0.11652321631629182,-0.2717283884120666,0.0,1.0,0.0,0.0,1.0,0
-0.6591458263607518,-0.5471161646999124,0.0,1.0,0.0,0.0,1.0,0
1.9764497081409111,-0.04362345049792484,0.0,1.0,0.0,0.0,1.0,0
3.216729959671105,0.36792391463056595,0.0,1.0,1.0,0.0,0.0,0
-0.6591458263607518,-0.5297916842112419,0.0,1.0,0.0,0.0,1.0,0
-0.11652321631629182,-0.39101609881680754,0.0,1.0,1.0,0.0,0.0,0
1.898932192420274,0.990793127199799,1.0,0.0,1.0,0.0,0.0,1
-0.11652321631629182,-0.3771196999048327,0.0,1.0,0.0,0.0,1.0,0
-0.34907576347820324,2.5777870034440364,1.0,0.0,0.0,0.0,1.0,0
-0.4265932791988404,-0.5352965378865169,0.0,1.0,0.0,0.0,1.0,0
-0.9692158892433004,-0.5165276288371035,0.0,1.0,0.0,0.0,1.0,0
-0.6591458263607518,-0.5362883643944933,1.0,0.0,0.0,1.0,0.0,0
-0.11652321631629182,-0.5389043609482825,1.0,0.0,0.0,1.0,0.0,0
0.5811344251694425,-0.4964961982720782,1.0,0.0,0.0,0.0,1.0,0
-1.0467334049639376,1.1690901837090129,1.0,0.0,0.0,0.0,1.0,1
-0.8916983735226632,1.6541756373917884,0.0,1.0,1.0,0.0,0.0,0
0.2710643622868939,-0.14107365324669663,1.0,0.0,0.0,0.0,1.0,1
-0.11652321631629182,-0.12916307291073562,0.0,1.0,0.0,0.0,1.0,1
-0.11652321631629182,-0.21632686536935933,0.0,1.0,0.0,0.0,1.0,0
-0.2715582477575661,0.5193312118613023,0.0,1.0,0.0,0.0,1.0,1
-0.03900570059565468,-0.5362883643944933,0.0,1.0,0.0,1.0,0.0,1
-0.11652321631629182,-0.5297916842112419,0.0,1.0,0.0,0.0,1.0,0
0.5036169094488053,-0.13484766807108062,0.0,1.0,0.0,0.0,1.0,1
1.898932192420274,0.5822234071552984,1.0,0.0,1.0,0.0,0.0,1
-0.4265932791988404,-0.5417932180697684,0.0,1.0,0.0,0.0,1.0,0
1.356309582375814,0.03262158813271423,0.0,1.0,0.0,0.0,1.0,0
0.34858187800753104,-0.4767354627146883,1.0,0.0,0.0,0.0,1.0,1
-0.11652321631629182,-0.18113651437674727,0.0,1.0,0.0,1.0,0.0,0
0.5036169094488053,-0.14107365324669663,1.0,0.0,0.0,0.0,1.0,1
0.19354684656625676,-0.5331309778254331,0.0,1.0,0.0,0.0,1.0,0
0.03851181512498246,1.3206793879848802,1.0,0.0,0.0,0.0,1.0,1
-0.5816283106401147,-0.5331309778254331,0.0,1.0,0.0,0.0,1.0,0
-0.11652321631629182,-0.5476575547151833,0.0,1.0,1.0,0.0,0.0,0
1.1237570352139026,0.5514551298074195,1.0,0.0,1.0,0.0,0.0,1
-0.11652321631629182,-0.5475666011926179,0.0,1.0,1.0,0.0,0.0,0
0.8524457301916725,-0.5362883643944933,0.0,1.0,0.0,1.0,0.0,0
1.5888621295377254,-0.4767354627146883,1.0,0.0,0.0,0.0,1.0,1
-0.11652321631629182,4.098642509862713,0.0,1.0,0.0,0.0,1.0,0
0.7361694566107168,-0.5324986342875966,0.0,1.0,0.0,0.0,1.0,0
-0.5041107949194775,-0.45507986210385015,0.0,1.0,0.0,0.0,1.0,0
-2.1319786250528576,-0.14107365324669663,1.0,0.0,0.0,0.0,1.0,1
-0.11652321631629182,-0.5475666011926179,0.0,1.0,1.0,0.0,0.0,0
-0.9692158892433004,-0.5475666011926179,0.0,1.0,1.0,0.0,0.0,0
-0.11652321631629182,-0.219936853991186,1.0,0.0,1.0,0.0,0.0,1
0.03851181512498246,-0.5165276288371035,1.0,0.0,0.0,0.0,1.0,0
-1.744391046449672,-0.1356597530939871,1.0,0.0,0.0,0.0,1.0,1
1.2012745509345397,-0.12916307291073562,0.0,1.0,0.0,0.0,1.0,0
0.03851181512498246,1.6005780258799633,1.0,0.0,1.0,0.0,0.0,1
-0.11652321631629182,-0.39011306027133563,0.0,1.0,0.0,0.0,1.0,0
-0.5816283106401147,0.36783296110800046,1.0,0.0,1.0,0.0,0.0,1
0.5036169094488053,0.8334283742410212,1.0,0.0,0.0,0.0,1.0,1
-1.5893560150083976,-0.02684036002452529,1.0,0.0,0.0,0.0,1.0,0
-1.4343209835671233,-0.02684036002452529,1.0,0.0,0.0,0.0,1.0,0
0.19354684656625676,-0.14107365324669663,0.0,1.0,0.0,0.0,1.0,1
1.5888621295377254,1.6005780258799633,0.0,1.0,1.0,0.0,0.0,0
2.674107349626645,-0.14107365324669663,0.0,1.0,0.0,0.0,1.0,0
-0.8141808578020261,-0.14107365324669663,1.0,0.0,0.0,0.0,1.0,1
-0.11652321631629182,-0.40391850566074494,0.0,1.0,1.0,0.0,0.0,1
0.2710643622868939,-0.25963806659103567,0.0,1.0,0.0,0.0,1.0,0
-1.6668735307290348,0.09172405331981374,0.0,1.0,0.0,0.0,1.0,1
-0.9692158892433004,1.6971251900832633,0.0,1.0,1.0,0.0,0.0,1
-0.19404073203692898,-0.14107365324669663,0.0,1.0,0.0,0.0,1.0,0
-0.11652321631629182,-0.5345732408261149,0.0,1.0,0.0,1.0,0.0,0
-0.5816283106401147,-0.5476575547151833,0.0,1.0,1.0,0.0,0.0,1
-0.5816283106401147,-0.5357469743792224,1.0,0.0,0.0,0.0,1.0,1
2.519072318185371,-0.12916307291073562,0.0,1.0,0.0,0.0,1.0,0
1.4338270980964511,0.15344251506070258,1.0,0.0,1.0,0.0,0.0,1
-0.11652321631629182,4.223071259852467,0.0,1.0,1.0,0.0,0.0,0
0.7361694566107168,1.0207493195247717,1.0,0.0,0.0,0.0,1.0,1
0.5036169094488053,-0.327311818499905,1.0,0.0,0.0,0.0,1.0,1
-0.11652321631629182,-0.5362883643944933,0.0,1.0,0.0,1.0,0.0,0
0.8136869723313539,-0.5331309778254331,0.0,1.0,0.0,0.0,1.0,0
-0.11652321631629182,-0.4117686608821738,0.0,1.0,0.0,0.0,1.0,0
-0.11652321631629182,-0.5297916842112419,0.0,1.0,0.0,0.0,1.0,0
-0.11652321631629182,-0.5297916842112419,1.0,0.0,0.0,0.0,1.0,0
-0.4265932791988404,-0.18113651437674727,0.0,1.0,0.0,0.0,1.0,0
-0.8141808578020261,-0.5331309778254331,0.0,1.0,0.0,0.0,1.0,0
-0.03900570059565468,-0.24772748625507465,1.0,0.0,0.0,0.0,1.0,0
-0.11652321631629182,-0.5475666011926179,0.0,1.0,1.0,0.0,0.0,0
0.19354684656625676,-0.534031850810844,0.0,1.0,0.0,0.0,1.0,1
2.519072318185371,-0.4767354627146883,0.0,1.0,0.0,0.0,1.0,1
1.8214146766996369,0.41069372583697134,1.0,0.0,0.0,0.0,1.0,1
0.5036169094488053,-0.13268210800999686,0.0,1.0,0.0,0.0,1.0,1
-0.11652321631629182,-0.5362883643944933,1.0,0.0,0.0,1.0,0.0,1
-1.0467334049639376,-0.5297916842112419,0.0,1.0,0.0,0.0,1.0,0
-0.8141808578020261,-0.39011306027133563,0.0,1.0,0.0,0.0,1.0,0
0.34858187800753104,-0.4225964611875929,1.0,0.0,0.0,0.0,1.0,1
0.7361694566107168,0.5064288050173648,1.0,0.0,0.0,0.0,1.0,1
-0.11652321631629182,-0.39101609881680754,1.0,0.0,1.0,0.0,0.0,0
0.19354684656625676,-0.5324986342875966,0.0,1.0,0.0,0.0,1.0,1
-0.34907576347820324,-0.05445125080334393,1.0,0.0,0.0,0.0,1.0,1
0.7361694566107168,1.6971251900832633,1.0,0.0,1.0,0.0,0.0,1
1.898932192420274,-0.14107365324669663,0.0,1.0,0.0,0.0,1.0,0
0.5036169094488053,0.1648117053813926,0.0,1.0,1.0,0.0,0.0,0
-0.11652321631629182,-0.5154448488065616,0.0,1.0,1.0,0.0,0.0,0
-0.8916983735226632,1.0207493195247717,1.0,0.0,0.0,0.0,1.0,1
1.356309582375814,-0.37928525996591655,0.0,1.0,0.0,0.0,1.0,0
2.3640372867440966,1.0110042992498942,0.0,1.0,1.0,0.0,0.0,1
-0.5816283106401147,-0.5297916842112419,0.0,1.0,0.0,0.0,1.0,0
-0.11652321631629182,-0.5297916842112419,0.0,1.0,0.0,0.0,1.0,0
0.4260993937281682,-0.5498231147762672,0.0,1.0,0.0,0.0,1.0,0
1.7438971609789997,0.990793127199799,1.0,0.0,1.0,0.0,0.0,1
1.356309582375814,-0.5471161646999124,0.0,1.0,0.0,0.0,1.0,0
-0.11652321631629182,-0.5362883643944933,1.0,0.0,0.0,1.0,0.0,0
0.5811344251694425,-0.14107365324669663,0.0,1.0,0.0,0.0,1.0,0
0.5036169094488053,-0.18113651437674727,0.0,1.0,0.0,0.0,1.0,0
-0.11652321631629182,0.010515551029170591,1.0,0.0,0.0,0.0,1.0,1
1.5113446138170883,-0.7041192691284892,0.0,1.0,0.0,0.0,1.0,0
-0.11652321631629182,-0.5476575547151833,0.0,1.0,1.0,0.0,0.0,0
1.5113446138170883,0.5287167491660395,0.0,1.0,1.0,0.0,0.0,1
-0.4265932791988404,-0.11941805263585846,1.0,0.0,0.0,0.0,1.0,1
-0.11652321631629182,-0.5331309778254331,0.0,1.0,0.0,0.0,1.0,0
-0.11652321631629182,0.2140781967710494,0.0,1.0,0.0,0.0,1.0,0
1.1237570352139026,-0.5297916842112419,0.0,1.0,0.0,0.0,1.0,0
0.4260993937281682,-0.12916307291073562,0.0,1.0,1.0,0.0,0.0,1
0.5036169094488053,-0.3673746796299555,0.0,1.0,0.0,0.0,1.0,0
0.03851181512498246,-0.5331309778254331,0.0,1.0,0.0,0.0,1.0,0
-0.19404073203692898,-0.04362345049792484,0.0,1.0,0.0,0.0,1.0,1
-0.5816283106401147,0.19630327978967346,1.0,0.0,1.0,0.0,0.0,1
0.8136869723313539,2.6192033396122643,1.0,0.0,0.0,0.0,1.0,1
0.7361694566107168,-0.02684036002452529,1.0,0.0,0.0,0.0,1.0,0
-0.11652321631629182,-0.55144728482208,0.0,1.0,0.0,0.0,1.0,0
-0.11652321631629182,-0.3684574596604975,1.0,0.0,0.0,1.0,0.0,1
-0.11652321631629182,-0.5362883643944933,0.0,1.0,0.0,1.0,0.0,0
0.4260993937281682,-0.5297916842112419,0.0,1.0,0.0,0.0,1.0,0
-0.4265932791988404,0.7034947705759922,1.0,0.0,0.0,0.0,1.0,1
0.34858187800753104,-0.3922786203324195,0.0,1.0,0.0,0.0,1.0,0
-0.2715582477575661,-0.35546409929399453,1.0,0.0,0.0,0.0,1.0,0
-1.9769435936115833,0.14044915469419963,1.0,0.0,0.0,0.0,1.0,1
-0.2715582477575661,-0.4767354627146883,0.0,1.0,0.0,0.0,1.0,0
-0.19404073203692898,-0.39110488677931204,0.0,1.0,1.0,0.0,0.0,0
0.9687220037726282,0.43397349649362243,0.0,1.0,0.0,0.0,1.0,1
-0.736663342081389,-0.3632233009928578,0.0,1.0,1.0,0.0,0.0,1
-0.6591458263607518,-0.534031850810844,0.0,1.0,0.0,0.0,1.0,0
-0.6591458263607518,-0.35546409929399453,0.0,1.0,0.0,0.0,1.0,0
2.4415548024647338,-0.004192932905710731,0.0,1.0,0.0,0.0,1.0,0
2.131484739582185,-0.43667260158463767,0.0,1.0,0.0,1.0,0.0,0
-0.6591458263607518,0.9841145399714164,1.0,0.0,0.0,0.0,1.0,1
-0.2715582477575661,-0.5331309778254331,0.0,1.0,0.0,0.0,1.0,0
-0.11652321631629182,-0.5366500129246943,0.0,1.0,0.0,1.0,0.0,0
3.91438760115684,-0.05445125080334393,0.0,1.0,0.0,0.0,1.0,1
1.6663796452583626,-0.5513563312995144,0.0,1.0,0.0,0.0,1.0,0
0.19354684656625676,-0.04362345049792484,0.0,1.0,1.0,0.0,0.0,1
-0.11652321631629182,-0.7041192691284892,0.0,1.0,0.0,0.0,1.0,0
-1.5893560150083976,-0.09992801208610413,1.0,0.0,0.0,0.0,1.0,0
-0.11652321631629182,-0.4225964611875929,1.0,0.0,0.0,0.0,1.0,1
0.19354684656625676,-0.5324986342875966,0.0,1.0,0.0,0.0,1.0,0
0.1160293308456196,-0.1356597530939871,0.0,1.0,0.0,0.0,1.0,0
0.891204488051991,0.15533738011415088,1.0,0.0,0.0,0.0,1.0,0
-0.11652321631629182,-0.35546409929399453,0.0,1.0,0.0,0.0,1.0,0
-0.736663342081389,-0.534031850810844,0.0,1.0,0.0,0.0,1.0,0
-0.4265932791988404,0.7966138532025963,1.0,0.0,1.0,0.0,0.0,1
-2.1319786250528576,-0.09992801208610413,1.0,0.0,0.0,0.0,1.0,0
-0.11652321631629182,0.5193312118613023,0.0,1.0,0.0,0.0,1.0,1
-2.228875519703654,-0.2870692158847844,1.0,0.0,1.0,0.0,0.0,1
1.4338270980964511,0.9574976412606354,0.0,1.0,1.0,0.0,0.0,1
-0.8141808578020261,-0.5331309778254331,0.0,1.0,0.0,0.0,1.0,0
2.053967223861548,0.06465455255626602,0.0,1.0,1.0,0.0,0.0,1
-0.11652321631629182,-0.540619484516661,0.0,1.0,0.0,0.0,1.0,0
-0.5041107949194775,-0.540619484516661,1.0,0.0,0.0,0.0,1.0,1
-0.11652321631629182,-0.5331309778254331,0.0,1.0,0.0,0.0,1.0,0
-0.8916983735226632,-0.20604045507921115,1.0,0.0,0.0,0.0,1.0,1
-0.6591458263607518,-0.5214910924971076,0.0,1.0,0.0,0.0,1.0,0
-0.11652321631629182,-0.5345732408261149,1.0,0.0,0.0,1.0,0.0,1
-0.8916983735226632,-0.5579439650053315,1.0,0.0,0.0,1.0,0.0,0
-0.4265932791988404,0.8875673757681166,0.0,1.0,0.0,0.0,1.0,0
-0.11652321631629182,-0.5331309778254331,0.0,1.0,0.0,0.0,1.0,0
0.19354684656625676,-0.3684574596604975,1.0,0.0,0.0,1.0,0.0,0
-0.5041107949194775,-0.4225964611875929,0.0,1.0,0.0,0.0,1.0,0
2.2090022553028223,1.7489188900642054,0.0,1.0,1.0,0.0,0.0,0
1.5888621295377254,2.190151752510033,0.0,1.0,0.0,0.0,1.0,1
0.8136869723313539,-0.5476575547151833,0.0,1.0,1.0,0.0,0.0,0
1.356309582375814,-0.1500065884986674,0.0,1.0,0.0,0.0,1.0,0
0.5036169094488053,-0.5417932180697684,0.0,1.0,0.0,0.0,1.0,0
-0.736663342081389,-0.5324986342875966,0.0,1.0,0.0,0.0,1.0,1
0.19354684656625676,0.8875673757681166,0.0,1.0,0.0,0.0,1.0,0
-0.34907576347820324,-0.4225964611875929,0.0,1.0,0.0,0.0,1.0,0
-0.11652321631629182,-0.5357469743792224,0.0,1.0,0.0,0.0,1.0,0
1.0462395194932654,-0.5297916842112419,0.0,1.0,0.0,0.0,1.0,0
-0.11652321631629182,0.4219719626350959,1.0,0.0,0.0,0.0,1.0,1
0.8136869723313539,0.14044915469419963,1.0,0.0,0.0,0.0,1.0,1
0.1160293308456196,0.4219719626350959,0.0,1.0,0.0,0.0,1.0,0
3.139212443950468,-0.4767354627146883,0.0,1.0,0.0,0.0,1.0,0
0.1160293308456196,-0.4225964611875929,0.0,1.0,0.0,0.0,1.0,1
-0.11652321631629182,-0.7041192691284892,0.0,1.0,0.0,0.0,1.0,0
-0.8916983735226632,-0.5357469743792224,0.0,1.0,0.0,0.0,1.0,0
-0.3878345213385218,-0.5297916842112419,0.0,1.0,0.0,0.0,1.0,0
-0.8916983735226632,-0.4909913445968031,1.0,0.0,0.0,0.0,1.0,1
1.0462395194932654,0.3115283995198212,1.0,0.0,0.0,0.0,1.0,0
0.5036169094488053,4.977768941140177,0.0,1.0,1.0,0.0,0.0,1
-0.11652321631629182,-0.5278968191577935,1.0,0.0,0.0,1.0,0.0,0
-0.19404073203692898,0.9574976412606354,0.0,1.0,1.0,0.0,0.0,1
-0.736663342081389,-0.504346353493507,0.0,1.0,0.0,0.0,1.0,0
-1.201768436405212,0.3115283995198212,0.0,1.0,0.0,0.0,1.0,0
2.3640372867440966,0.14044915469419963,0.0,1.0,0.0,0.0,1.0,0
-0.34907576347820324,0.19630327978967346,0.0,1.0,1.0,0.0,0.0,0
-1.201768436405212,0.15533738011415088,0.0,1.0,0.0,0.0,1.0,0
-0.8141808578020261,-0.4838644864357763,0.0,1.0,0.0,0.0,1.0,0
-0.8916983735226632,-0.5352965378865169,0.0,1.0,0.0,0.0,1.0,0
-1.1242509206845748,3.872521224964524,1.0,0.0,0.0,0.0,1.0,1
0.1160293308456196,0.5302499656892867,0.0,1.0,0.0,0.0,1.0,1
-1.9769435936115833,-0.41357257241305667,1.0,0.0,1.0,0.0,0.0,1
-0.11652321631629182,0.5193312118613023,0.0,1.0,0.0,0.0,1.0,1
-0.34907576347820324,-0.5476575547151833,0.0,1.0,1.0,0.0,0.0,0
2.3640372867440966,-0.12916307291073562,0.0,1.0,0.0,0.0,1.0,0
1.7438971609789997,-0.4117686608821738,0.0,1.0,0.0,0.0,1.0,0
1.1237570352139026,-0.5297916842112419,0.0,1.0,0.0,0.0,1.0,0
-0.11652321631629182,-0.5366500129246943,1.0,0.0,0.0,1.0,0.0,1
1.5113446138170883,1.6971251900832633,0.0,1.0,1.0,0.0,0.0,0
0.9687220037726282,-0.5384539244555772,0.0,1.0,0.0,0.0,1.0,0
-0.8916983735226632,4.223071259852467,1.0,0.0,1.0,0.0,0.0,1
0.4260993937281682,-0.13484766807108062,0.0,1.0,0.0,0.0,1.0,1
-0.8916983735226632,-0.39110488677931204,1.0,0.0,1.0,0.0,0.0,0
-0.34907576347820324,-0.5364681058795633,0.0,1.0,0.0,1.0,0.0,0
-0.2715582477575661,-0.534031850810844,0.0,1.0,0.0,0.0,1.0,0
0.7361694566107168,-0.14107365324669663,0.0,1.0,0.0,0.0,1.0,0
1.2012745509345397,-0.4117686608821738,1.0,0.0,0.0,0.0,1.0,1
0.9687220037726282,-0.13484766807108062,0.0,1.0,0.0,0.0,1.0,1
-0.5816283106401147,2.5777870034440364,1.0,0.0,0.0,0.0,1.0,1
-0.11652321631629182,-0.37396231333577257,0.0,1.0,1.0,0.0,0.0,1
-0.4265932791988404,0.36792391463056595,1.0,0.0,1.0,0.0,0.0,1
-0.11652321631629182,-0.12916307291073562,0.0,1.0,0.0,0.0,1.0,0
1.4338270980964511,0.4219719626350959,0.0,1.0,0.0,0.0,1.0,1
-0.03900570059565468,-0.4987527118557275,0.0,1.0,0.0,0.0,1.0,0
1.7438971609789997,-0.4225964611875929,0.0,1.0,0.0,0.0,1.0,0
-0.8141808578020261,-0.5384539244555772,0.0,1.0,0.0,0.0,1.0,0
0.6586519408900796,4.223071259852467,1.0,0.0,1.0,0.0,0.0,1
-0.19404073203692898,-0.4767354627146883,1.0,0.0,0.0,0.0,1.0,1
-0.11652321631629182,-0.3684574596604975,0.0,1.0,0.0,1.0,0.0,0
0.2710643622868939,-0.5357469743792224,0.0,1.0,0.0,0.0,1.0,0
-1.821908562170309,0.010515551029170591,1.0,0.0,0.0,0.0,1.0,1
-0.9692158892433004,-0.5513563312995144,0.0,1.0,0.0,0.0,1.0,0
0.34858187800753104,-0.4225964611875929,0.0,1.0,0.0,0.0,1.0,0
1.5888621295377254,-0.4225964611875929,0.0,1.0,0.0,0.0,1.0,0
-0.19404073203692898,0.4457931233070179,0.0,1.0,0.0,0.0,1.0,1
-0.736663342081389,-0.5165276288371035,0.0,1.0,0.0,0.0,1.0,0
0.03851181512498246,-0.24935165630088751,1.0,0.0,0.0,0.0,1.0,1
-0.11652321631629182,-0.5365590594021288,1.0,0.0,0.0,1.0,0.0,1
-0.34907576347820324,-0.14107365324669663,0.0,1.0,0.0,0.0,1.0,0
-0.34907576347820324,-0.5324986342875966,1.0,0.0,0.0,0.0,1.0,0
-0.03900570059565468,3.872521224964524,1.0,0.0,0.0,0.0,1.0,1
-1.4343209835671233,-0.29726467265236695,0.0,1.0,1.0,0.0,0.0,0
-0.11652321631629182,-0.7041192691284892,0.0,1.0,0.0,0.0,1.0,0
-0.5041107949194775,-0.4225964611875929,0.0,1.0,0.0,0.0,1.0,0
-0.5041107949194775,-0.4225964611875929,0.0,1.0,0.0,0.0,1.0,0
-0.07776445845597325,-0.35546409929399453,0.0,1.0,0.0,0.0,1.0,0
1.4338270980964511,0.04029200186907308,1.0,0.0,0.0,0.0,1.0,0
0.4260993937281682,4.977768941140177,0.0,1.0,1.0,0.0,0.0,1
-0.11652321631629182,-0.5331309778254331,0.0,1.0,0.0,0.0,1.0,0
-0.11652321631629182,-0.5331309778254331,0.0,1.0,0.0,0.0,1.0,0
-0.11652321631629182,-0.05445125080334393,0.0,1.0,0.0,0.0,1.0,1
0.5036169094488053,1.0034248390361007,0.0,1.0,0.0,0.0,1.0,0
-0.6591458263607518,4.977768941140177,1.0,0.0,1.0,0.0,0.0,1
-0.4265932791988404,-0.35546409929399453,0.0,1.0,0.0,0.0,1.0,0
0.1160293308456196,-0.5324986342875966,0.0,1.0,0.0,0.0,1.0,1
3.139212443950468,0.8334283742410212,0.0,1.0,0.0,0.0,1.0,0
-1.0467334049639376,-0.26559335675901613,0.0,1.0,0.0,0.0,1.0,0
0.03851181512498246,-0.4225964611875929,1.0,0.0,0.0,0.0,1.0,1
-0.8141808578020261,0.4457931233070179,0.0,1.0,0.0,0.0,1.0,0
0.1160293308456196,-0.5362883643944933,0.0,1.0,0.0,1.0,0.0,0
-1.9769435936115833,-0.20604045507921115,1.0,0.0,0.0,0.0,1.0,1
-1.821908562170309,-0.4339656515082829,0.0,1.0,0.0,0.0,1.0,1
0.2710643622868939,-0.4983910633255265,0.0,1.0,0.0,0.0,1.0,0
-0.5041107949194775,-0.5331309778254331,0.0,1.0,0.0,0.0,1.0,0
1.4338270980964511,0.7034947705759922,1.0,0.0,0.0,0.0,1.0,1
-2.235076920961305,-0.39011306027133563,0.0,1.0,0.0,0.0,1.0,1
-0.11652321631629182,-0.5352965378865169,0.0,1.0,0.0,0.0,1.0,0
-0.8916983735226632,-0.45507986210385015,0.0,1.0,0.0,0.0,1.0,0
0.34858187800753104,-0.5297916842112419,0.0,1.0,0.0,0.0,1.0,0
0.2710643622868939,1.1690901837090129,1.0,0.0,0.0,0.0,1.0,1
-0.11652321631629182,-0.39011306027133563,0.0,1.0,0.0,0.0,1.0,0
0.891204488051991,-0.5498231147762672,0.0,1.0,0.0,0.0,1.0,0
-0.736663342081389,-0.5475666011926179,0.0,1.0,1.0,0.0,0.0,1
0.5036169094488053,1.8945528041720918,1.0,0.0,0.0,0.0,1.0,1
-1.0467334049639376,-0.5357469743792224,0.0,1.0,0.0,0.0,1.0,0
1.6663796452583626,0.9841145399714164,1.0,0.0,0.0,0.0,1.0,1
-0.11652321631629182,0.15344251506070258,0.0,1.0,1.0,0.0,0.0,0
0.07727057298530103,-0.5362883643944933,1.0,0.0,0.0,1.0,0.0,0
-0.11652321631629182,-0.18113651437674727,0.0,1.0,0.0,1.0,0.0,0
0.19354684656625676,-0.5230243090203549,0.0,1.0,0.0,0.0,1.0,0
-0.4265932791988404,-0.4983910633255265,0.0,1.0,0.0,0.0,1.0,0
1.4338270980964511,-0.534031850810844,0.0,1.0,0.0,0.0,1.0,0
2.131484739582185,-0.4767354627146883,1.0,0.0,0.0,0.0,1.0,0
-0.11652321631629182,-0.5476575547151833,0.0,1.0,1.0,0.0,0.0,0
1.898932192420274,-0.20604045507921115,1.0,0.0,0.0,0.0,1.0,1
-0.8916983735226632,-0.5362883643944933,0.0,1.0,0.0,0.0,1.0,0
-0.11652321631629182,-0.5362883643944933,0.0,1.0,0.0,1.0,0.0,0
-1.8994260778909462,-0.4339656515082829,1.0,0.0,0.0,0.0,1.0,1
-0.11652321631629182,-0.5365590594021288,0.0,1.0,0.0,1.0,0.0,0
1.0462395194932654,3.872521224964524,1.0,0.0,0.0,0.0,1.0,1
-1.279285952125849,-0.5475666011926179,1.0,0.0,1.0,0.0,0.0,1
-0.9692158892433004,0.5302499656892867,1.0,0.0,0.0,0.0,1.0,1
-0.03900570059565468,-0.05445125080334393,0.0,1.0,0.0,0.0,1.0,0
-0.11652321631629182,-0.19629543480433398,0.0,1.0,0.0,0.0,1.0,0
-0.34907576347820324,-0.55144728482208,0.0,1.0,0.0,0.0,1.0,0
-0.34907576347820324,-0.5471161646999124,0.0,1.0,0.0,0.0,1.0,0
-0.8916983735226632,-0.5417932180697684,1.0,0.0,0.0,0.0,1.0,1
-1.6668735307290348,-0.07339990133782734,0.0,1.0,0.0,1.0,0.0,0
-2.2094961407734948,-0.25855528656049376,0.0,1.0,0.0,0.0,1.0,1
1.2787920666551769,1.0110042992498942,0.0,1.0,1.0,0.0,0.0,0
-0.11652321631629182,-0.5362883643944933,0.0,1.0,0.0,1.0,0.0,0
-1.0467334049639376,-0.14107365324669663,0.0,1.0,0.0,0.0,1.0,0
-0.11652321631629182,0.8020277533553059,1.0,0.0,0.0,0.0,1.0,0
-0.11652321631629182,-0.03938328389832276,0.0,1.0,1.0,0.0,0.0,0
-0.34907576347820324,-0.5331309778254331,0.0,1.0,0.0,0.0,1.0,0
0.7361694566107168,-0.4225964611875929,0.0,1.0,0.0,0.0,1.0,0
1.5113446138170883,-0.14260686976994394,1.0,0.0,0.0,0.0,1.0,1
0.1160293308456196,-0.5160771923443981,1.0,0.0,0.0,0.0,1.0,1
0.03851181512498246,-0.5475666011926179,0.0,1.0,1.0,0.0,0.0,0
0.03851181512498246,-0.18113651437674727,1.0,0.0,0.0,0.0,1.0,0
0.34858187800753104,-0.4225964611875929,0.0,1.0,0.0,0.0,1.0,0
0.1160293308456196,-0.1356597530939871,1.0,0.0,0.0,0.0,1.0,1
-1.4343209835671233,1.8945528041720918,0.0,1.0,0.0,0.0,1.0,1
-2.2544562998914643,-0.5196850154061636,0.0,1.0,1.0,0.0,0.0,1
-0.19404073203692898,-0.5530714548678929,0.0,1.0,0.0,0.0,1.0,1
0.1160293308456196,-0.5357469743792224,0.0,1.0,0.0,0.0,1.0,0
0.7361694566107168,-0.7041192691284892,0.0,1.0,0.0,0.0,1.0,0
-0.8916983735226632,-0.5357469743792224,1.0,0.0,0.0,0.0,1.0,0
0.7361694566107168,-0.4225964611875929,0.0,1.0,0.0,0.0,1.0,0
0.2710643622868939,0.4457931233070179,1.0,0.0,0.0,0.0,1.0,1
-0.2715582477575661,-0.5333107193105031,0.0,1.0,0.0,0.0,1.0,0
0.7361694566107168,-0.18113651437674727,0.0,1.0,0.0,0.0,1.0,0
0.4260993937281682,-0.4767354627146883,0.0,1.0,0.0,0.0,1.0,0
-1.821908562170309,-0.02684036002452529,1.0,0.0,0.0,0.0,1.0,0
0.07727057298530103,-0.5297916842112419,0.0,1.0,0.0,0.0,1.0,0
-0.11652321631629182,-0.7041192691284892,0.0,1.0,0.0,0.0,1.0,0
-0.5041107949194775,-0.5324986342875966,1.0,0.0,0.0,0.0,1.0,0
0.1160293308456196,0.09722890699508875,0.0,1.0,1.0,0.0,0.0,0
1.0462395194932654,-0.564440645188583,0.0,1.0,0.0,0.0,1.0,0
-1.5118384992877605,-0.09992801208610413,0.0,1.0,0.0,0.0,1.0,0
1.7438971609789997,1.3206793879848802,1.0,0.0,0.0,0.0,1.0,1
-0.19404073203692898,-0.5165276288371035,0.0,1.0,0.0,0.0,1.0,1
0.6586519408900796,-0.7041192691284892,0.0,1.0,0.0,0.0,1.0,0
-0.19404073203692898,-0.4339656515082829,1.0,0.0,0.0,0.0,1.0,1
-2.1319786250528576,0.15533738011415088,0.0,1.0,0.0,0.0,1.0,0
-0.11652321631629182,-0.5536128448831639,0.0,1.0,0.0,1.0,0.0,0
-0.11652321631629182,0.5193312118613023,0.0,1.0,0.0,0.0,1.0,0
-2.2094961407734948,0.09722890699508875,0.0,1.0,1.0,0.0,0.0,1
-0.11652321631629182,-0.5362883643944933,0.0,1.0,0.0,1.0,0.0,1
2.519072318185371,1.0283287797385647,1.0,0.0,0.0,0.0,1.0,1
-1.1242509206845748,-0.39110488677931204,1.0,0.0,1.0,0.0,0.0,1
-2.2226741184460033,-0.2980767576752734,0.0,1.0,0.0,0.0,1.0,1
-0.11652321631629182,-0.5475666011926179,0.0,1.0,1.0,0.0,0.0,0
-0.5041107949194775,-0.534031850810844,0.0,1.0,0.0,0.0,1.0,0
-0.8916983735226632,-0.5243777840585323,0.0,1.0,0.0,0.0,1.0,0
0.7361694566107168,1.096723663147775,1.0,0.0,1.0,0.0,0.0,1
-0.6591458263607518,-0.5165276288371035,0.0,1.0,0.0,0.0,1.0,0
-0.11652321631629182,-0.5297916842112419,0.0,1.0,0.0,0.0,1.0,0
0.19354684656625676,0.5193312118613023,0.0,1.0,0.0,0.0,1.0,1
-0.11652321631629182,-0.0609479309865954,0.0,1.0,1.0,0.0,0.0,1
-0.736663342081389,-0.5324986342875966,0.0,1.0,0.0,0.0,1.0,0
-1.0467334049639376,-0.4767354627146883,0.0,1.0,0.0,0.0,1.0,0
0.03851181512498246,-0.03279565019250576,1.0,0.0,1.0,0.0,0.0,1
0.3873406358678496,-0.5647113401962184,0.0,1.0,1.0,0.0,0.0,0
-0.9692158892433004,-0.5165276288371035,0.0,1.0,0.0,0.0,1.0,0
0.9687220037726282,-0.540619484516661,0.0,1.0,0.0,0.0,1.0,0
-0.11652321631629182,0.8020277533553059,0.0,1.0,0.0,0.0,1.0,0
0.4260993937281682,-0.5331309778254331,0.0,1.0,1.0,0.0,0.0,0
-0.11652321631629182,0.010515551029170591,0.0,1.0,0.0,0.0,1.0,0
-0.11652321631629182,1.2254856988197578,1.0,0.0,1.0,0.0,0.0,1
-1.9769435936115833,-0.02684036002452529,0.0,1.0,0.0,0.0,1.0,0
3.4492825068330166,-0.5357469743792224,0.0,1.0,0.0,0.0,1.0,0
-1.5893560150083976,-0.37396231333577257,1.0,0.0,1.0,0.0,0.0,0
-1.0467334049639376,0.14911139493853487,1.0,0.0,0.0,0.0,1.0,1
1.1237570352139026,-0.14107365324669663,1.0,0.0,0.0,0.0,1.0,0
-0.8916983735226632,-0.5016394034171522,1.0,0.0,0.0,0.0,1.0,1
1.2012745509345397,2.8661681400983854,1.0,0.0,0.0,0.0,1.0,1
1.6663796452583626,-0.12916307291073562,0.0,1.0,0.0,0.0,1.0,1
-0.4265932791988404,-0.2870692158847844,1.0,0.0,1.0,0.0,0.0,1
-0.11652321631629182,-0.5475666011926179,0.0,1.0,1.0,0.0,0.0,0
0.891204488051991,-0.39859555903060095,0.0,1.0,0.0,0.0,1.0,0
-0.6591458263607518,-0.45507986210385015,0.0,1.0,0.0,0.0,1.0,0
1.4338270980964511,-0.14260686976994394,1.0,0.0,0.0,0.0,1.0,1
-0.11652321631629182,0.8020277533553059,1.0,0.0,0.0,0.0,1.0,0
-0.4265932791988404,-0.4225964611875929,0.0,1.0,0.0,0.0,1.0,0
0.9687220037726282,-0.4225964611875929,1.0,0.0,0.0,0.0,1.0,1
-0.19404073203692898,-0.4040094591833105,1.0,0.0,1.0,0.0,0.0,1
0.1160293308456196,0.38939760819627317,0.0,1.0,0.0,0.0,1.0,0
-0.11652321631629182,-0.4983910633255265,0.0,1.0,0.0,0.0,1.0,0
-1.9769435936115833,-0.46302097084784455,0.0,1.0,0.0,0.0,1.0,1
-0.2715582477575661,-0.5331309778254331,0.0,1.0,0.0,0.0,1.0,0
1.356309582375814,0.43397349649362243,1.0,0.0,0.0,0.0,1.0,1
0.2710643622868939,-0.5958412660742983,0.0,1.0,0.0,0.0,1.0,0
1.356309582375814,-0.5092188636309456,0.0,1.0,0.0,0.0,1.0,0
-0.11652321631629182,-0.18438485446837297,1.0,0.0,1.0,0.0,0.0,1
-1.1242509206845748,-0.5476575547151833,1.0,0.0,1.0,0.0,0.0,1
-0.736663342081389,-0.49090255663429866,0.0,1.0,0.0,0.0,1.0,0
-0.8141808578020261,-0.5331309778254331,0.0,1.0,0.0,0.0,1.0,0
-0.11652321631629182,-0.5331309778254331,0.0,1.0,0.0,0.0,1.0,0
2.053967223861548,1.096723663147775,1.0,0.0,1.0,0.0,0.0,1
-0.34907576347820324,-0.14107365324669663,1.0,0.0,0.0,0.0,1.0,1
0.2710643622868939,-0.5331309778254331,0.0,1.0,0.0,0.0,1.0,0
-0.5816283106401147,-0.4763738141844873,1.0,0.0,0.0,0.0,1.0,0
-0.11652321631629182,-0.4767354627146883,0.0,1.0,0.0,0.0,1.0,0
-0.34907576347820324,-0.55144728482208,0.0,1.0,0.0,0.0,1.0,0
0.7361694566107168,-0.07339990133782734,1.0,0.0,0.0,1.0,0.0,0
-0.19404073203692898,-0.4225964611875929,0.0,1.0,0.0,0.0,1.0,0
-0.8141808578020261,-0.05445125080334393,1.0,0.0,0.0,0.0,1.0,1
-0.11652321631629182,-0.19629543480433398,1.0,0.0,0.0,0.0,1.0,0
-0.2715582477575661,-0.05445125080334393,0.0,1.0,1.0,0.0,0.0,1
0.19354684656625676,-0.5362883643944933,0.0,1.0,0.0,1.0,0.0,0
0.3873406358678496,-0.5345732408261149,0.0,1.0,0.0,1.0,0.0,0
1.356309582375814,-0.5525300648526219,1.0,0.0,0.0,0.0,1.0,1
2.519072318185371,-0.4943306382109944,0.0,1.0,0.0,1.0,0.0,0
-0.19404073203692898,-0.5165276288371035,0.0,1.0,0.0,0.0,1.0,0
-0.5816283106401147,-0.43802607662281506,1.0,0.0,0.0,0.0,1.0,1
-1.201768436405212,-0.504346353493507,0.0,1.0,0.0,0.0,1.0,0
0.03851181512498246,-0.5389043609482825,1.0,0.0,0.0,1.0,0.0,1
-0.2715582477575661,-0.07610685141418211,0.0,1.0,0.0,0.0,1.0,0
-0.8916983735226632,-0.5475666011926179,1.0,0.0,1.0,0.0,0.0,1
-0.6591458263607518,-0.18113651437674727,0.0,1.0,0.0,0.0,1.0,0
-0.11652321631629182,-0.5331309778254331,0.0,1.0,0.0,0.0,1.0,0
1.2787920666551769,-0.14107365324669663,0.0,1.0,0.0,0.0,1.0,0
-0.5041107949194775,1.0774155296431518,1.0,0.0,0.0,0.0,1.0,1
2.596589833906008,-0.14107365324669663,0.0,1.0,0.0,0.0,1.0,0
1.356309582375814,0.6206620982395361,1.0,0.0,0.0,0.0,1.0,1
-0.4265932791988404,-0.1038086957155663,1.0,0.0,1.0,0.0,0.0,1
0.4260993937281682,-0.43667260158463767,0.0,1.0,0.0,1.0,0.0,0
-0.6591458263607518,-0.5476575547151833,0.0,1.0,1.0,0.0,0.0,0
-0.19404073203692898,-0.5324986342875966,1.0,0.0,0.0,0.0,1.0,1
1.2012745509345397,-0.5476575547151833,1.0,0.0,1.0,0.0,0.0,1
1.9764497081409111,0.5822234071552984,0.0,1.0,1.0,0.0,0.0,0
-1.5893560150083976,-0.6354536907116435,0.0,1.0,0.0,0.0,1.0,0
-0.11652321631629182,-0.017998378295120052,1.0,0.0,0.0,0.0,1.0,1
-0.6591458263607518,0.6250841718842692,0.0,1.0,1.0,0.0,0.0,0
1.4338270980964511,4.977768941140177,1.0,0.0,1.0,0.0,0.0,1
1.5888621295377254,-0.39011306027133563,0.0,1.0,0.0,0.0,1.0,0
-0.5816283106401147,0.6380775322507722,1.0,0.0,1.0,0.0,0.0,1
-0.5428695527797961,-0.5476575547151833,0.0,1.0,1.0,0.0,0.0,0
0.891204488051991,-0.04362345049792484,0.0,1.0,0.0,0.0,1.0,0
-0.11652321631629182,-0.23464317236600618,0.0,1.0,1.0,0.0,0.0,0
1.5888621295377254,-0.14107365324669663,0.0,1.0,0.0,0.0,1.0,0
-0.4265932791988404,-0.02196784988708667,0.0,1.0,0.0,0.0,1.0,0
0.2710643622868939,-0.25855528656049376,1.0,0.0,0.0,0.0,1.0,1
-0.11652321631629182,-0.19629543480433398,1.0,0.0,0.0,0.0,1.0,1
0.03851181512498246,0.5464916661474154,0.0,1.0,1.0,0.0,0.0,0
-0.8529396156623447,-0.5475666011926179,0.0,1.0,1.0,0.0,0.0,0
-0.11652321631629182,-0.5297916842112419,1.0,0.0,0.0,0.0,1.0,1
-0.6591458263607518,-0.5165276288371035,1.0,0.0,0.0,0.0,1.0,1
-0.34907576347820324,-0.4983910633255265,0.0,1.0,0.0,0.0,1.0,0
-0.11652321631629182,0.5193312118613023,0.0,1.0,0.0,0.0,1.0,0
0.7361694566107168,-0.41357257241305667,0.0,1.0,1.0,0.0,0.0,0
-0.11652321631629182,-0.12916307291073562,0.0,1.0,0.0,0.0,1.0,0
0.891204488051991,-0.5341228043334094,0.0,1.0,0.0,0.0,1.0,0
0.03851181512498246,-0.4225964611875929,1.0,0.0,0.0,0.0,1.0,1
1.2012745509345397,0.43397349649362243,1.0,0.0,0.0,0.0,1.0,1
-0.34907576347820324,-0.5324986342875966,0.0,1.0,0.0,0.0,1.0,0
1.2012745509345397,-0.0609479309865954,0.0,1.0,1.0,0.0,0.0,0
-0.11652321631629182,-0.5362883643944933,0.0,1.0,0.0,1.0,0.0,0
2.3640372867440966,0.9480233159933937,1.0,0.0,1.0,0.0,0.0,1
0.5036169094488053,-0.3597952194161622,1.0,0.0,0.0,0.0,1.0,1
-0.4265932791988404,0.5952167675218013,0.0,1.0,0.0,0.0,1.0,0
-0.19404073203692898,-0.37856412846557563,0.0,1.0,1.0,0.0,0.0,0
-0.736663342081389,-0.20604045507921115,1.0,0.0,0.0,0.0,1.0,1
-0.11652321631629182,4.977768941140177,1.0,0.0,0.0,0.0,1.0,1
-0.11652321631629182,-0.3667423360921191,0.0,1.0,1.0,0.0,0.0,0
-1.5118384992877605,-0.07339990133782734,0.0,1.0,0.0,1.0,0.0,0
0.4260993937281682,-0.5331309778254331,0.0,1.0,0.0,0.0,1.0,0
-0.34907576347820324,-0.5384539244555772,0.0,1.0,0.0,0.0,1.0,0
-0.11652321631629182,-0.35546409929399453,0.0,1.0,0.0,0.0,1.0,0
0.5036169094488053,4.977768941140177,1.0,0.0,1.0,0.0,0.0,1
-0.9692158892433004,-0.5331309778254331,0.0,1.0,0.0,0.0,1.0,0
0.19354684656625676,-0.4117686608821738,0.0,1.0,0.0,0.0,1.0,0
-0.8916983735226632,-0.5362883643944933,0.0,1.0,0.0,0.0,1.0,0
-0.5816283106401147,-0.5368297544097642,1.0,0.0,0.0,1.0,0.0,1
-1.279285952125849,4.977768941140177,0.0,1.0,1.0,0.0,0.0,0
-0.11652321631629182,-0.24935165630088751,1.0,0.0,0.0,0.0,1.0,1
-0.8916983735226632,-0.533490460795573,1.0,0.0,0.0,1.0,0.0,1
1.356309582375814,0.2140781967710494,0.0,1.0,0.0,0.0,1.0,0
0.1160293308456196,-0.08612256669669473,0.0,1.0,1.0,0.0,0.0,0
2.3640372867440966,4.977768941140177,1.0,0.0,0.0,0.0,1.0,1
-0.4265932791988404,-0.5362883643944933,1.0,0.0,0.0,1.0,0.0,1
-0.6591458263607518,-0.5331309778254331,0.0,1.0,0.0,0.0,1.0,0
-0.03900570059565468,-0.5324986342875966,1.0,0.0,0.0,0.0,1.0,1
-0.07776445845597325,-0.1038086957155663,0.0,1.0,1.0,0.0,0.0,0
0.4260993937281682,3.876040260063785,1.0,0.0,1.0,0.0,0.0,1
0.23230560442657533,3.876040260063785,0.0,1.0,1.0,0.0,0.0,0
-0.11652321631629182,-0.5297916842112419,0.0,1.0,0.0,0.0,1.0,0
1.9764497081409111,-0.1475703334299481,1.0,0.0,0.0,0.0,1.0,1
0.03851181512498246,-0.4225964611875929,0.0,1.0,0.0,0.0,1.0,0
-0.4265932791988404,-0.5362883643944933,1.0,0.0,0.0,1.0,0.0,1
-1.821908562170309,-0.37396231333577257,0.0,1.0,1.0,0.0,0.0,0
2.9066598967885566,4.098642509862713,0.0,1.0,0.0,0.0,1.0,0
1.5113446138170883,-0.14107365324669663,0.0,1.0,0.0,0.0,1.0,0
-0.11652321631629182,-0.5331309778254331,0.0,1.0,0.0,0.0,1.0,0
-0.11652321631629182,-0.47222460110745074,0.0,1.0,0.0,1.0,0.0,0
-0.11652321631629182,-0.39110488677931204,0.0,1.0,1.0,0.0,0.0,0
-0.19404073203692898,-0.533490460795573,1.0,0.0,0.0,1.0,0.0,1
-0.8916983735226632,-0.5297916842112419,1.0,0.0,0.0,0.0,1.0,1
-0.11652321631629182,-0.5362883643944933,1.0,0.0,0.0,1.0,0.0,1
-2.1319786250528576,-0.20604045507921115,0.0,1.0,0.0,0.0,1.0,0
-0.5816283106401147,-0.4031064206378386,1.0,0.0,0.0,0.0,1.0,1
-0.11652321631629182,-0.5357469743792224,0.0,1.0,0.0,0.0,1.0,0
-0.19404073203692898,0.4219719626350959,1.0,0.0,0.0,0.0,1.0,1
-0.11652321631629182,-0.5297916842112419,0.0,1.0,0.0,0.0,1.0,0
-0.34907576347820324,-0.14107365324669663,0.0,1.0,1.0,0.0,0.0,0
-0.34907576347820324,-0.5352965378865169,0.0,1.0,0.0,0.0,1.0,0
3.604317538274291,1.0034248390361007,1.0,0.0,0.0,0.0,1.0,1
-0.03900570059565468,-0.5324986342875966,0.0,1.0,0.0,0.0,1.0,0
-0.736663342081389,-0.534031850810844,1.0,0.0,0.0,0.0,1.0,1
0.2710643622868939,-0.5297916842112419,0.0,1.0,0.0,0.0,1.0,0
1.0462395194932654,0.4965040432574176,1.0,0.0,1.0,0.0,0.0,1
-0.19404073203692898,-0.14107365324669663,0.0,1.0,0.0,0.0,1.0,0
-0.11652321631629182,-0.5362883643944933,0.0,1.0,0.0,1.0,0.0,0
-0.2715582477575661,-0.5357469743792224,0.0,1.0,0.0,0.0,1.0,0
-1.0467334049639376,-0.5196850154061636,1.0,0.0,1.0,0.0,0.0,1
-0.11652321631629182,-0.21632686536935933,0.0,1.0,0.0,0.0,1.0,0
-0.6591458263607518,-0.534755147871246,0.0,1.0,0.0,1.0,0.0,0
-0.11652321631629182,-0.5362883643944933,0.0,1.0,0.0,1.0,0.0,0
-0.11652321631629182,-0.5154448488065616,0.0,1.0,0.0,0.0,1.0,0
-0.8529396156623447,-0.4225964611875929,0.0,1.0,0.0,0.0,1.0,0
0.891204488051991,-0.37829343345794014,0.0,1.0,1.0,0.0,0.0,0
-0.11652321631629182,-0.5356560208566569,1.0,0.0,0.0,1.0,0.0,1
0.5036169094488053,-0.018087166257624434,1.0,0.0,1.0,0.0,0.0,1
-0.8529396156623447,-0.5463950331995715,1.0,0.0,0.0,1.0,0.0,1
2.596589833906008,4.098642509862713,1.0,0.0,0.0,0.0,1.0,1
-0.8916983735226632,-0.39110488677931204,0.0,1.0,1.0,0.0,0.0,0
-0.11652321631629182,-0.5647113401962184,0.0,1.0,1.0,0.0,0.0,0
-2.2094961407734948,-0.3424707389274917,1.0,0.0,0.0,0.0,1.0,1
0.5036169094488053,0.9252849353520134,0.0,1.0,1.0,0.0,0.0,0
-0.03900570059565468,-0.14107365324669663,1.0,0.0,0.0,0.0,1.0,1
-1.3568034678464862,-0.36304355950778794,1.0,0.0,0.0,0.0,1.0,1
-0.11652321631629182,-0.5362883643944933,0.0,1.0,0.0,1.0,0.0,0
0.4260993937281682,0.5464916661474154,1.0,0.0,1.0,0.0,0.0,1
-0.11652321631629182,-0.5471161646999124,0.0,1.0,0.0,0.0,1.0,0
-0.11652321631629182,-0.5362883643944933,0.0,1.0,0.0,1.0,0.0,0
-0.9692158892433004,-0.35546409929399453,1.0,0.0,0.0,0.0,1.0,1
-0.5816283106401147,-0.5352965378865169,0.0,1.0,0.0,0.0,1.0,0
-0.11652321631629182,-0.2006265549265016,1.0,0.0,0.0,1.0,0.0,1
0.9687220037726282,-0.4225964611875929,0.0,1.0,0.0,0.0,1.0,0
-0.4265932791988404,-0.5297916842112419,0.0,1.0,0.0,0.0,1.0,0
0.19354684656625676,-0.5297916842112419,0.0,1.0,0.0,0.0,1.0,0
1.8214146766996369,-0.0869346517196012,0.0,1.0,1.0,0.0,0.0,0
-0.11652321631629182,-0.15262258505245663,1.0,0.0,0.0,0.0,1.0,1
-0.11652321631629182,-0.5647113401962184,0.0,1.0,1.0,0.0,0.0,0
1.0462395194932654,-0.5331309778254331,0.0,1.0,0.0,0.0,1.0,0
-0.4265932791988404,-0.534031850810844,0.0,1.0,0.0,0.0,1.0,0
-0.23279948989724755,-0.5476575547151833,0.0,1.0,1.0,0.0,0.0,0
-0.2715582477575661,-0.4225964611875929,0.0,1.0,0.0,0.0,1.0,0
-0.5041107949194775,-0.5297916842112419,1.0,0.0,0.0,0.0,1.0,1
0.8136869723313539,0.3115283995198212,0.0,1.0,0.0,0.0,1.0,0
-1.5118384992877605,0.3115283995198212,1.0,0.0,0.0,0.0,1.0,1
0.2710643622868939,2.5777870034440364,1.0,0.0,0.0,0.0,1.0,1
2.4415548024647338,4.977768941140177,0.0,1.0,1.0,0.0,0.0,0
-0.11652321631629182,-0.14107365324669663,0.0,1.0,0.0,0.0,1.0,0
0.9687220037726282,-0.12916307291073562,0.0,1.0,0.0,0.0,1.0,0
0.1160293308456196,-0.31431845813340203,0.0,1.0,0.0,0.0,1.0,0
-0.11652321631629182,0.4189943175511056,0.0,1.0,0.0,0.0,1.0,0
-0.5816283106401147,-0.5297916842112419,0.0,1.0,0.0,0.0,1.0,0
-0.11652321631629182,-0.12916307291073562,0.0,1.0,0.0,0.0,1.0,0
0.03851181512498246,-0.14107365324669663,0.0,1.0,0.0,0.0,1.0,0
-0.5041107949194775,1.096723663147775,1.0,0.0,1.0,0.0,0.0,1
-0.11652321631629182,-0.5331309778254331,0.0,1.0,1.0,0.0,0.0,0
2.402796044604415,-0.39110488677931204,0.0,1.0,0.0,0.0,1.0,0
0.5036169094488053,-0.44028259020646443,1.0,0.0,0.0,0.0,1.0,1
-1.279285952125849,-0.02440410495580598,0.0,1.0,0.0,0.0,1.0,0
-0.4265932791988404,-0.540619484516661,0.0,1.0,0.0,0.0,1.0,0
-0.03900570059565468,4.098642509862713,1.0,0.0,0.0,0.0,1.0,1
-0.5041107949194775,-0.534031850810844,1.0,0.0,0.0,0.0,1.0,1
0.9687220037726282,-0.12916307291073562,0.0,1.0,0.0,0.0,1.0,0
-0.2715582477575661,-0.4058133707141933,1.0,0.0,0.0,0.0,1.0,1
-0.11652321631629182,-0.5366500129246943,1.0,0.0,0.0,1.0,0.0,1
-1.744391046449672,-0.37396231333577257,0.0,1.0,1.0,0.0,0.0,0
-0.2715582477575661,-0.4117686608821738,1.0,0.0,0.0,0.0,1.0,1
-0.11652321631629182,-0.5525300648526219,0.0,1.0,0.0,0.0,1.0,0
0.891204488051991,-0.4225964611875929,0.0,1.0,0.0,0.0,1.0,0
-0.2715582477575661,-0.2271546656747784,1.0,0.0,0.0,0.0,1.0,1
1.4338270980964511,0.38939760819627317,0.0,1.0,1.0,0.0,0.0,0
-0.8916983735226632,0.04029200186907308,0.0,1.0,0.0,0.0,1.0,0
-0.11652321631629182,-0.1038086957155663,1.0,0.0,1.0,0.0,0.0,1
-0.5816283106401147,-0.510030948653852,1.0,0.0,0.0,0.0,1.0,1
-0.11652321631629182,-0.540619484516661,0.0,1.0,0.0,0.0,1.0,0
-0.19404073203692898,-0.5476575547151833,0.0,1.0,1.0,0.0,0.0,0
-0.5041107949194775,-0.4031064206378386,0.0,1.0,0.0,0.0,1.0,0
-0.11652321631629182,-0.5475666011926179,0.0,1.0,1.0,0.0,0.0,0
0.8136869723313539,-0.02440410495580598,0.0,1.0,0.0,0.0,1.0,0
-1.1242509206845748,0.14044915469419963,1.0,0.0,0.0,0.0,1.0,1
-0.736663342081389,0.09172405331981374,1.0,0.0,0.0,0.0,1.0,1
1.898932192420274,0.4965040432574176,0.0,1.0,1.0,0.0,0.0,0
0.5036169094488053,0.14044915469419963,1.0,0.0,0.0,0.0,1.0,1
2.674107349626645,1.096723663147775,1.0,0.0,1.0,0.0,0.0,1
0.03851181512498246,-0.4225964611875929,0.0,1.0,0.0,0.0,1.0,0
0.5811344251694425,1.096723663147775,0.0,1.0,1.0,0.0,0.0,0
-0.8916983735226632,0.4457931233070179,1.0,0.0,0.0,0.0,1.0,1
-0.11652321631629182,-0.5362883643944933,0.0,1.0,0.0,1.0,0.0,0
-0.19404073203692898,4.656092318546665,1.0,0.0,1.0,0.0,0.0,1
0.8136869723313539,-0.3576296593550784,0.0,1.0,0.0,0.0,1.0,0
-0.6591458263607518,-0.24935165630088751,1.0,0.0,0.0,0.0,1.0,1
-0.9692158892433004,-0.5297916842112419,0.0,1.0,0.0,0.0,1.0,0
-0.11652321631629182,0.8020277533553059,1.0,0.0,0.0,0.0,1.0,1
0.8136869723313539,-0.4225964611875929,0.0,1.0,0.0,0.0,1.0,0
0.34858187800753104,-0.14107365324669663,0.0,1.0,0.0,0.0,1.0,0
-0.11652321631629182,-0.14107365324669663,0.0,1.0,0.0,0.0,1.0,0
-1.3955622257068048,-0.39011306027133563,0.0,1.0,0.0,0.0,1.0,0
2.4415548024647338,-0.43667260158463767,0.0,1.0,0.0,1.0,0.0,0
-1.6668735307290348,-0.0003122492762484959,0.0,1.0,0.0,0.0,1.0,0
0.2710643622868939,-0.534031850810844,0.0,1.0,0.0,0.0,1.0,0
-1.821908562170309,2.2085590130292454,0.0,1.0,1.0,0.0,0.0,0
-0.8916983735226632,-0.5357469743792224,1.0,0.0,0.0,0.0,1.0,1
-0.5041107949194775,-0.4767354627146883,0.0,1.0,0.0,0.0,1.0,0
-0.11652321631629182,-0.5284382091730645,1.0,0.0,0.0,0.0,1.0,1
-0.11652321631629182,-0.3684574596604975,1.0,0.0,0.0,1.0,0.0,1
-2.261432876306322,-0.3922786203324195,0.0,1.0,0.0,0.0,1.0,0
1.356309582375814,4.223071259852467,0.0,1.0,1.0,0.0,0.0,0
-1.6668735307290348,-0.14107365324669663,1.0,0.0,0.0,0.0,1.0,1
-0.34907576347820324,-0.4767354627146883,0.0,1.0,0.0,0.0,1.0,0
-0.11652321631629182,-0.1466672948844761,0.0,1.0,1.0,0.0,0.0,0
0.4260993937281682,-0.5362883643944933,1.0,0.0,0.0,1.0,0.0,1
-0.4265932791988404,-0.4767354627146883,0.0,1.0,0.0,0.0,1.0,0
0.2710643622868939,-0.1038086957155663,1.0,0.0,1.0,0.0,0.0,1
-0.34907576347820324,-0.5331309778254331,0.0,1.0,0.0,0.0,1.0,0
0.19354684656625676,-0.21632686536935933,0.0,1.0,0.0,0.0,1.0,0
-0.11652321631629182,-0.55144728482208,0.0,1.0,0.0,0.0,1.0,0
-0.9692158892433004,0.8875673757681166,0.0,1.0,0.0,0.0,1.0,0
2.3640372867440966,-0.14107365324669663,1.0,0.0,0.0,0.0,1.0,1
0.6586519408900796,-0.5357469743792224,1.0,0.0,0.0,0.0,1.0,1
0.9687220037726282,0.21624375683213326,0.0,1.0,0.0,0.0,1.0,0
-0.11652321631629182,-0.533490460795573,1.0,0.0,0.0,1.0,0.0,1
2.131484739582185,2.8661681400983854,0.0,1.0,0.0,0.0,1.0,0
1.5888621295377254,3.876040260063785,1.0,0.0,1.0,0.0,0.0,1
-0.11652321631629182,-0.5297916842112419,0.0,1.0,0.0,0.0,1.0,0
0.03851181512498246,-0.4040094591833105,1.0,0.0,1.0,0.0,0.0,1
-0.6591458263607518,-0.5297916842112419,0.0,1.0,0.0,0.0,1.0,0
-0.5816283106401147,-0.4767354627146883,1.0,0.0,0.0,0.0,1.0,1
-0.6591458263607518,-0.5352965378865169,0.0,1.0,0.0,0.0,1.0,0
1.8214146766996369,-0.10976398588354683,1.0,0.0,1.0,0.0,0.0,1
-0.11652321631629182,-0.37396231333577257,1.0,0.0,1.0,0.0,0.0,1
-0.5041107949194775,-0.5352965378865169,0.0,1.0,0.0,0.0,1.0,0
-0.11652321631629182,-0.5362883643944933,1.0,0.0,0.0,1.0,0.0,1
0.8524457301916725,-0.3771196999048327,0.0,1.0,0.0,0.0,1.0,0
0.5036169094488053,-0.4225964611875929,0.0,1.0,0.0,0.0,1.0,0
-1.201768436405212,0.7034947705759922,0.0,1.0,0.0,0.0,1.0,0
-0.6591458263607518,-0.12916307291073562,1.0,0.0,0.0,0.0,1.0,1
-0.6591458263607518,-0.5634488186806066,0.0,1.0,0.0,0.0,1.0,0
-0.11652321631629182,-0.533490460795573,0.0,1.0,0.0,1.0,0.0,0
0.7361694566107168,0.8395634058940716,0.0,1.0,1.0,0.0,0.0,0
-0.736663342081389,-0.534031850810844,0.0,1.0,0.0,0.0,1.0,0
2.674107349626645,0.9254646768370834,0.0,1.0,1.0,0.0,0.0,0
-0.736663342081389,-0.5476575547151833,0.0,1.0,1.0,0.0,0.0,0
-0.8916983735226632,-0.4225964611875929,1.0,0.0,0.0,0.0,1.0,1
1.4338270980964511,1.6005780258799633,1.0,0.0,1.0,0.0,0.0,1
1.9764497081409111,-0.1038086957155663,1.0,0.0,1.0,0.0,0.0,1
1.2012745509345397,-0.05445125080334393,1.0,0.0,0.0,0.0,1.0,1
1.2012745509345397,2.2085590130292454,0.0,1.0,1.0,0.0,0.0,0
-0.11652321631629182,-0.5333107193105031,0.0,1.0,0.0,0.0,1.0,0
-0.11652321631629182,-0.19629543480433398,0.0,1.0,0.0,0.0,1.0,0
0.891204488051991,0.4189943175511056,0.0,1.0,0.0,0.0,1.0,0
-0.5816283106401147,-0.24935165630088751,1.0,0.0,0.0,0.0,1.0,1
0.9687220037726282,-0.0003122492762484959,0.0,1.0,0.0,0.0,1.0,0
-0.03900570059565468,-0.14107365324669663,1.0,0.0,0.0,0.0,1.0,1
-0.11652321631629182,-0.39110488677931204,1.0,0.0,1.0,0.0,0.0,1
-2.2156975420311458,-0.10317635217772983,1.0,0.0,0.0,0.0,1.0,1
-0.736663342081389,-0.5324986342875966,0.0,1.0,0.0,0.0,1.0,0
-0.19404073203692898,2.2579164579414677,0.0,1.0,1.0,0.0,0.0,0
-0.4265932791988404,-0.5021807934324232,0.0,1.0,0.0,0.0,1.0,0
0.23230560442657533,-0.4983910633255265,0.0,1.0,0.0,0.0,1.0,0
-0.11652321631629182,-0.540619484516661,0.0,1.0,0.0,0.0,1.0,0
-0.11652321631629182,-0.5362883643944933,0.0,1.0,0.0,1.0,0.0,0
-0.11652321631629182,-0.5297916842112419,0.0,1.0,0.0,0.0,1.0,0
-0.8141808578020261,-0.4225964611875929,1.0,0.0,0.0,0.0,1.0,1
-0.6591458263607518,-0.5357469743792224,0.0,1.0,0.0,0.0,1.0,0
0.5423756673091239,-0.327311818499905,0.0,1.0,0.0,0.0,1.0,0
-0.6591458263607518,-0.534031850810844,0.0,1.0,0.0,0.0,1.0,0
-0.03900570059565468,-0.20604045507921115,1.0,0.0,0.0,0.0,1.0,1
-2.2094961407734948,-0.44028259020646443,1.0,0.0,0.0,0.0,1.0,1
0.03851181512498246,-0.4282810563479379,0.0,1.0,1.0,0.0,0.0,0
-0.11652321631629182,-0.5331309778254331,0.0,1.0,0.0,0.0,1.0,0
-0.11652321631629182,-0.7041192691284892,0.0,1.0,0.0,0.0,1.0,0
-0.11652321631629182,-0.540619484516661,0.0,1.0,0.0,0.0,1.0,0
-0.11652321631629182,-0.5297916842112419,1.0,0.0,0.0,0.0,1.0,1
-0.9692158892433004,-0.5165276288371035,0.0,1.0,0.0,0.0,1.0,0
1.2787920666551769,0.9252849353520134,0.0,1.0,1.0,0.0,0.0,0
-0.11652321631629182,-0.5362883643944933,0.0,1.0,0.0,1.0,0.0,0
-0.2715582477575661,2.2579164579414677,1.0,0.0,1.0,0.0,0.0,1
-0.11652321631629182,-0.3684574596604975,1.0,0.0,0.0,1.0,0.0,1
-0.11652321631629182,-0.5476575547151833,0.0,1.0,1.0,0.0,0.0,0
-0.736663342081389,-0.14107365324669663,1.0,0.0,0.0,0.0,1.0,1
-0.11652321631629182,-0.4767354627146883,0.0,1.0,0.0,0.0,1.0,0
0.8136869723313539,-0.14107365324669663,0.0,1.0,0.0,0.0,1.0,0
0.03851181512498246,-0.24935165630088751,0.0,1.0,0.0,0.0,1.0,0
-0.5816283106401147,-0.4767354627146883,0.0,1.0,0.0,0.0,1.0,0
-0.5041107949194775,-0.5165276288371035,1.0,0.0,0.0,0.0,1.0,1
-2.228875519703654,-0.4058133707141933,0.0,1.0,0.0,0.0,1.0,0
-0.11652321631629182,-0.5362883643944933,1.0,0.0,0.0,1.0,0.0,1
-1.5893560150083976,-0.37396231333577257,1.0,0.0,1.0,0.0,0.0,1
-2.1319786250528576,-0.2664054417819226,1.0,0.0,0.0,0.0,1.0,1
0.5036169094488053,-0.5471161646999124,0.0,1.0,0.0,0.0,1.0,0
-0.11652321631629182,-0.5471161646999124,0.0,1.0,0.0,0.0,1.0,0
-0.4265932791988404,1.0774155296431518,0.0,1.0,0.0,0.0,1.0,0
-0.11652321631629182,-0.5475666011926179,0.0,1.0,1.0,0.0,0.0,0
-0.11652321631629182,-0.5297916842112419,0.0,1.0,0.0,0.0,1.0,0
-0.11652321631629182,0.15344251506070258,0.0,1.0,0.0,0.0,1.0,0
0.03851181512498246,-0.5536128448831639,1.0,0.0,0.0,1.0,0.0,1
-0.11652321631629182,-0.5475666011926179,0.0,1.0,1.0,0.0,0.0,0
1.8214146766996369,1.0685713823536853,0.0,1.0,0.0,0.0,1.0,0
0.5036169094488053,-0.4983910633255265,0.0,1.0,0.0,0.0,1.0,0
-0.2715582477575661,-0.5331309778254331,0.0,1.0,0.0,0.0,1.0,0
-2.2094961407734948,0.19630327978967346,1.0,0.0,1.0,0.0,0.0,1
-0.11652321631629182,-0.23464317236600618,0.0,1.0,1.0,0.0,0.0,0
0.03851181512498246,0.2812105586646478,0.0,1.0,0.0,0.0,1.0,0
-0.03900570059565468,-0.534031850810844,0.0,1.0,0.0,0.0,1.0,0
0.19354684656625676,-0.5357469743792224,0.0,1.0,0.0,0.0,1.0,0
-0.11652321631629182,-0.37829343345794014,0.0,1.0,1.0,0.0,0.0,0
1.0462395194932654,-0.24935165630088751,0.0,1.0,0.0,0.0,1.0,0
-0.4265932791988404,-0.5165276288371035,0.0,1.0,0.0,0.0,1.0,0
-0.11652321631629182,-0.5362883643944933,1.0,0.0,0.0,1.0,0.0,1
2.674107349626645,-0.12916307291073562,1.0,0.0,0.0,0.0,1.0,1
0.03851181512498246,2.5777870034440364,0.0,1.0,0.0,0.0,1.0,0
-2.2226741184460033,-0.5016394034171522,0.0,1.0,0.0,0.0,1.0,0
1.9764497081409111,1.3206793879848802,0.0,1.0,0.0,0.0,1.0,0
1.2012745509345397,-0.39859555903060095,1.0,0.0,0.0,0.0,1.0,1
-0.8916983735226632,-0.5165276288371035,0.0,1.0,0.0,0.0,1.0,0
-0.5816283106401147,-0.5476575547151833,0.0,1.0,1.0,0.0,0.0,0
-0.11652321631629182,-0.54007809450139,0.0,1.0,0.0,0.0,1.0,0
0.5811344251694425,-0.5362883643944933,1.0,0.0,0.0,1.0,0.0,1
1.9764497081409111,2.233101305201508,1.0,0.0,1.0,0.0,0.0,1
-0.9692158892433004,-0.5366500129246943,1.0,0.0,0.0,1.0,0.0,1
2.131484739582185,2.468876656852009,0.0,1.0,1.0,0.0,0.0,0
-0.8141808578020261,-0.4767354627146883,0.0,1.0,0.0,0.0,1.0,0
-0.19404073203692898,-0.534031850810844,0.0,1.0,0.0,0.0,1.0,0
-0.5816283106401147,-0.02196784988708667,0.0,1.0,0.0,0.0,1.0,0
-0.2715582477575661,-0.5357469743792224,0.0,1.0,0.0,0.0,1.0,0
-0.34907576347820324,-0.5475666011926179,0.0,1.0,1.0,0.0,0.0,0
-0.2715582477575661,-0.4225964611875929,0.0,1.0,0.0,0.0,1.0,0
0.2710643622868939,-0.12916307291073562,0.0,1.0,0.0,0.0,1.0,0
0.7361694566107168,3.872521224964524,1.0,0.0,0.0,0.0,1.0,1
-0.5041107949194775,-0.55144728482208,0.0,1.0,0.0,0.0,1.0,0
-1.3568034678464862,0.14044915469419963,1.0,0.0,0.0,0.0,1.0,1
1.2787920666551769,1.0110042992498942,0.0,1.0,1.0,0.0,0.0,0
-0.03900570059565468,-0.14107365324669663,0.0,1.0,0.0,0.0,1.0,0
-0.6591458263607518,-0.4225964611875929,0.0,1.0,0.0,0.0,1.0,0
1.4338270980964511,0.09172405331981374,1.0,0.0,0.0,0.0,1.0,1
0.7361694566107168,-0.0609479309865954,0.0,1.0,1.0,0.0,0.0,0
-0.11652321631629182,-0.5476575547151833,0.0,1.0,1.0,0.0,0.0,0
-0.8141808578020261,-0.3632233009928578,1.0,0.0,1.0,0.0,0.0,1
-0.19404073203692898,-0.5331309778254331,0.0,1.0,0.0,0.0,1.0,0
0.03851181512498246,-0.14107365324669663,0.0,1.0,0.0,0.0,1.0,0
0.19354684656625676,-0.4225964611875929,0.0,1.0,0.0,0.0,1.0,0
0.7361694566107168,-0.5475666011926179,0.0,1.0,1.0,0.0,0.0,0
-0.34907576347820324,-0.02196784988708667,0.0,1.0,0.0,0.0,1.0,0
-0.11652321631629182,-0.5475666011926179,0.0,1.0,1.0,0.0,0.0,0
-0.8916983735226632,-0.4767354627146883,0.0,1.0,0.0,0.0,1.0,0
0.19354684656625676,-0.5399871409788245,0.0,1.0,0.0,0.0,1.0,0
-0.11652321631629182,0.8020277533553059,0.0,1.0,0.0,0.0,1.0,0
2.2090022553028223,4.977768941140177,1.0,0.0,1.0,0.0,0.0,1
-0.11652321631629182,-0.39011306027133563,0.0,1.0,0.0,0.0,1.0,0
-1.0467334049639376,-0.5384539244555772,1.0,0.0,0.0,0.0,1.0,1
-0.2715582477575661,-0.4225964611875929,0.0,1.0,0.0,0.0,1.0,0
0.6586519408900796,-0.5475666011926179,1.0,0.0,1.0,0.0,0.0,1
-0.4265932791988404,-0.4117686608821738,0.0,1.0,0.0,0.0,1.0,0
0.1160293308456196,-0.24935165630088751,1.0,0.0,0.0,0.0,1.0,1
1.2012745509345397,0.6679427710531791,1.0,0.0,1.0,0.0,0.0,1
-0.34907576347820324,-0.4767354627146883,0.0,1.0,0.0,0.0,1.0,0
-0.8916983735226632,0.8875673757681166,0.0,1.0,0.0,0.0,1.0,0
1.5113446138170883,0.7034947705759922,0.0,1.0,0.0,0.0,1.0,0
-2.2738356788216234,-0.25855528656049376,1.0,0.0,0.0,0.0,1.0,1
1.5888621295377254,-0.14107365324669663,0.0,1.0,0.0,0.0,1.0,0
2.2865197710234595,0.41069372583697134,1.0,0.0,0.0,0.0,1.0,1
-0.11652321631629182,-0.533490460795573,0.0,1.0,0.0,0.0,1.0,0
-0.11652321631629182,-0.5362883643944933,0.0,1.0,0.0,1.0,0.0,0
0.03851181512498246,-0.3673746796299555,1.0,0.0,0.0,0.0,1.0,1
-1.1630096785448933,0.8020277533553059,0.0,1.0,0.0,0.0,1.0,0
-0.4265932791988404,0.09722890699508875,1.0,0.0,1.0,0.0,0.0,1
0.1160293308456196,-0.24935165630088751,1.0,0.0,0.0,0.0,1.0,1
-0.19404073203692898,-0.5165276288371035,0.0,1.0,0.0,0.0,1.0,0
-0.34907576347820324,0.4965040432574176,1.0,0.0,1.0,0.0,0.0,1
-0.11652321631629182,0.8020277533553059,1.0,0.0,0.0,0.0,1.0,1
-0.11652321631629182,-0.39101609881680754,0.0,1.0,1.0,0.0,0.0,0
-0.5816283106401147,0.15533738011415088,1.0,0.0,0.0,0.0,1.0,1
1.2012745509345397,0.5822234071552984,1.0,0.0,1.0,0.0,0.0,1
-0.03900570059565468,-0.4040094591833105,0.0,1.0,1.0,0.0,0.0,0
-0.6591458263607518,-0.45507986210385015,0.0,1.0,0.0,0.0,1.0,0
0.1160293308456196,2.2085590130292454,1.0,0.0,1.0,0.0,0.0,1
1.5113446138170883,-0.7041192691284892,0.0,1.0,0.0,0.0,1.0,0
1.1237570352139026,-0.4225964611875929,0.0,1.0,0.0,0.0,1.0,0
1.898932192420274,1.0685713823536853,1.0,0.0,0.0,0.0,1.0,1
1.2012745509345397,4.977768941140177,1.0,0.0,1.0,0.0,0.0,1
-0.5816283106401147,-0.5165276288371035,1.0,0.0,0.0,0.0,1.0,1
-0.6591458263607518,-0.45507986210385015,0.0,1.0,0.0,0.0,1.0,0
1.9764497081409111,0.37866076141341953,0.0,1.0,0.0,0.0,1.0,0
-1.8994260778909462,-0.02440410495580598,0.0,1.0,0.0,0.0,1.0,0
-0.11652321631629182,-0.5362883643944933,0.0,1.0,0.0,1.0,0.0,0
-0.2715582477575661,-0.533490460795573,0.0,1.0,0.0,1.0,0.0,0
-0.11652321631629182,-0.39011306027133563,1.0,0.0,0.0,0.0,1.0,1
-0.8141808578020261,-0.35546409929399453,1.0,0.0,0.0,0.0,1.0,1
-0.11652321631629182,-0.42530341126394766,0.0,1.0,0.0,0.0,1.0,0
-0.4265932791988404,0.7034947705759922,1.0,0.0,0.0,0.0,1.0,1
-0.4265932791988404,-0.5357469743792224,0.0,1.0,0.0,0.0,1.0,0
2.131484739582185,-0.4225964611875929,0.0,1.0,0.0,0.0,1.0,0
-0.6591458263607518,-0.5362883643944933,0.0,1.0,0.0,1.0,0.0,0
-1.821908562170309,-0.24772748625507465,0.0,1.0,0.0,0.0,1.0,0
-0.5041107949194775,1.3206793879848802,0.0,1.0,0.0,0.0,1.0,0
1.6663796452583626,0.14911139493853487,1.0,0.0,0.0,0.0,1.0,1
-1.279285952125849,-0.26559335675901613,0.0,1.0,0.0,0.0,1.0,0
1.356309582375814,-0.4767354627146883,0.0,1.0,0.0,0.0,1.0,0
-0.03900570059565468,-0.2271546656747784,0.0,1.0,0.0,0.0,1.0,0
-0.8916983735226632,0.5952167675218013,1.0,0.0,0.0,0.0,1.0,1
-0.4265932791988404,-0.5471161646999124,0.0,1.0,0.0,1.0,0.0,0
1.4338270980964511,1.0110042992498942,1.0,0.0,1.0,0.0,0.0,1
-0.5816283106401147,-0.5357469743792224,0.0,1.0,0.0,0.0,1.0,0
0.1160293308456196,-0.5366500129246943,0.0,1.0,0.0,1.0,0.0,0
0.03851181512498246,2.8661681400983854,1.0,0.0,0.0,0.0,1.0,1
0.6586519408900796,-0.24935165630088751,0.0,1.0,0.0,0.0,1.0,0
-0.5816283106401147,0.5822234071552984,1.0,0.0,1.0,0.0,0.0,1
-0.9692158892433004,0.3158595196419889,0.0,1.0,0.0,0.0,1.0,0
1.0462395194932654,-0.1038086957155663,0.0,1.0,1.0,0.0,0.0,0
-0.736663342081389,-0.40391850566074494,0.0,1.0,1.0,0.0,0.0,0
-0.5041107949194775,-0.4767354627146883,0.0,1.0,0.0,0.0,1.0,0
1.5888621295377254,3.876040260063785,0.0,1.0,1.0,0.0,0.0,0
-0.11652321631629182,-0.5369207079323298,1.0,0.0,0.0,1.0,0.0,1
-2.0544611093322205,-0.4058133707141933,1.0,0.0,0.0,0.0,1.0,1
-0.11652321631629182,-0.5362883643944933,1.0,0.0,0.0,1.0,0.0,1
0.5811344251694425,1.2448847858469465,1.0,0.0,0.0,1.0,0.0,1
-0.11652321631629182,-0.5357469743792224,1.0,0.0,0.0,0.0,1.0,1
-0.11652321631629182,-0.5297916842112419,0.0,1.0,0.0,0.0,1.0,0
0.7361694566107168,1.6541756373917884,1.0,0.0,1.0,0.0,0.0,1
0.6974106987503982,-0.5471161646999124,0.0,1.0,0.0,0.0,1.0,0
-0.11652321631629182,-0.5297916842112419,0.0,1.0,0.0,0.0,1.0,0
-0.11652321631629182,-0.219936853991186,0.0,1.0,1.0,0.0,0.0,0
